frame,time_sec,x_pixel,y_pixel,x_mm,y_mm,distance_from_center_mm,current_zone,in_arena,on_feeder,transition_event,tag_type,bee_id,trial_outcome
83,0.0,1297.07,629.33,372.72,-225.81,435.79,Exited,False,False,,entry,R13,Unknown
93,0.17,1290.0,626.0,364.97,-222.15,427.26,Exited,False,False,,auto,R13,Unknown
103,0.33,1288.0,624.0,362.77,-219.95,424.24,Exited,False,False,,auto,R13,Unknown
113,0.5,1271.0,620.0,344.11,-215.56,406.05,Outer,True,False,Exited -> Outer,auto,R13,Unknown
123,0.67,1267.0,615.0,339.72,-210.07,399.43,Outer,True,False,,auto,R13,Unknown
133,0.83,1263.0,610.0,335.33,-204.58,392.81,Outer,True,False,,auto,R13,Unknown
143,1.0,1265.0,605.0,337.53,-199.1,391.87,Outer,True,False,,auto,R13,Unknown
153,1.17,1256.0,599.0,327.65,-192.51,380.02,Outer,True,False,,auto,R13,Unknown
163,1.33,1238.0,600.0,307.89,-193.61,363.7,Outer,True,False,,auto,R13,Unknown
173,1.5,1231.0,601.0,300.2,-194.71,357.82,Outer,True,False,,auto,R13,Unknown
183,1.67,1234.0,598.0,303.5,-191.41,358.82,Outer,True,False,,auto,R13,Unknown
193,1.83,1225.0,591.0,293.62,-183.73,346.36,Outer,True,False,,auto,R13,Unknown
203,2.0,1223.0,584.0,291.42,-176.04,340.47,Outer,True,False,,auto,R13,Unknown
213,2.17,1219.0,577.0,287.03,-168.36,332.77,Outer,True,False,,auto,R13,Unknown
223,2.33,1213.0,574.0,280.45,-165.07,325.42,Outer,True,False,,auto,R13,Unknown
233,2.5,1198.0,563.0,263.98,-152.99,305.11,Outer,True,False,,auto,R13,Unknown
243,2.67,1192.0,564.0,257.39,-154.09,299.99,Outer,True,False,,auto,R13,Unknown
253,2.83,1181.0,563.0,245.32,-152.99,289.12,Outer,True,False,,auto,R13,Unknown
263,3.0,1176.0,564.0,239.83,-154.09,285.07,Outer,True,False,,auto,R13,Unknown
273,3.17,1172.0,566.0,235.44,-156.29,282.59,Outer,True,False,,auto,R13,Unknown
283,3.33,1167.0,561.0,229.95,-150.8,274.99,Outer,True,False,,auto,R13,Unknown
293,3.5,1164.0,554.0,226.66,-143.11,268.06,Outer,True,False,,auto,R13,Unknown
303,3.67,1157.0,550.0,218.97,-138.72,259.22,Outer,True,False,,auto,R13,Unknown
313,3.83,1152.0,550.0,213.49,-138.72,254.6,Outer,True,False,,auto,R13,Unknown
323,4.0,1142.0,553.0,202.51,-142.02,247.34,Outer,True,False,,auto,R13,Unknown
333,4.17,1133.0,550.0,192.63,-138.72,237.38,Outer,True,False,,auto,R13,Unknown
343,4.33,1118.0,551.0,176.16,-139.82,224.91,Outer,True,False,,auto,R13,Unknown
353,4.5,1114.0,547.0,171.77,-135.43,218.74,Outer,True,False,,auto,R13,Unknown
363,4.67,1108.0,543.0,165.19,-131.04,210.85,Outer,True,False,,auto,R13,Unknown
373,4.83,1106.0,536.0,162.99,-123.36,204.41,Inner,True,False,Outer -> Inner,auto,R13,Unknown
383,5.0,1103.0,529.0,159.7,-115.67,197.19,Inner,True,False,,auto,R13,Unknown
393,5.17,1109.0,518.0,166.29,-103.6,195.92,Inner,True,False,,auto,R13,Unknown
403,5.33,1106.0,513.0,162.99,-98.11,190.24,Inner,True,False,,auto,R13,Unknown
413,5.5,1105.0,505.0,161.89,-89.33,184.9,Inner,True,False,,auto,R13,Unknown
423,5.67,1095.0,486.0,150.92,-68.47,165.72,Inner,True,False,,auto,R13,Unknown
433,5.83,1094.0,484.0,149.82,-66.28,163.82,Inner,True,False,,auto,R13,Unknown
443,6.0,1088.0,485.0,143.23,-67.37,158.29,Inner,True,False,,auto,R13,Unknown
453,6.17,1080.0,485.0,134.45,-67.37,150.39,Inner,True,False,,auto,R13,Unknown
463,6.33,1071.0,483.0,124.57,-65.18,140.59,Inner,True,False,,auto,R13,Unknown
473,6.5,1053.0,480.0,104.81,-61.88,121.72,Inner,True,False,,auto,R13,Unknown
483,6.67,1047.0,479.0,98.23,-60.79,115.52,Inner,True,False,,auto,R13,Unknown
493,6.83,1036.0,476.0,86.15,-57.49,103.58,Inner,True,False,,auto,R13,Unknown
503,7.0,1030.0,474.0,79.57,-55.3,96.9,Inner,True,False,,auto,R13,Unknown
513,7.17,1023.0,477.0,71.88,-58.59,92.74,Inner,True,False,,auto,R13,Unknown
523,7.33,1015.0,480.0,63.1,-61.88,88.38,Inner,True,False,,auto,R13,Unknown
533,7.5,1008.0,474.0,55.42,-55.3,78.29,Inner,True,False,,auto,R13,Unknown
543,7.67,1001.0,473.0,47.73,-54.2,72.22,Inner,True,False,,auto,R13,Unknown
553,7.83,996.0,465.0,42.25,-45.42,62.03,Inner,True,False,,auto,R13,Unknown
563,8.0,990.0,466.0,35.66,-46.52,58.61,Inner,True,False,,auto,R13,Unknown
573,8.17,986.0,471.0,31.27,-52.01,60.68,Inner,True,False,,auto,R13,Unknown
583,8.33,969.0,471.0,12.61,-52.01,53.51,Inner,True,False,,auto,R13,Unknown
593,8.5,977.0,478.0,21.39,-59.69,63.41,Inner,True,False,,auto,R13,Unknown
603,8.67,973.0,474.0,17.0,-55.3,57.85,Inner,True,False,,auto,R13,Unknown
613,8.83,964.0,483.0,7.12,-65.18,65.57,Inner,True,False,,auto,R13,Unknown
623,9.0,961.0,476.0,3.83,-57.49,57.62,Inner,True,False,,auto,R13,Unknown
633,9.17,957.0,475.0,-0.56,-56.4,56.4,Inner,True,False,,auto,R13,Unknown
643,9.33,968.0,467.0,11.51,-47.61,48.99,Inner,True,False,,auto,R13,Unknown
653,9.5,964.0,465.0,7.12,-45.42,45.97,Inner,True,False,,auto,R13,Unknown
663,9.67,957.0,469.0,-0.56,-49.81,49.81,Inner,True,False,,auto,R13,Unknown
673,9.83,947.0,460.0,-11.54,-39.93,41.57,Inner,True,False,,auto,R13,Unknown
683,10.0,951.0,465.0,-7.15,-45.42,45.98,Inner,True,False,,auto,R13,Unknown
693,10.17,942.0,465.0,-17.03,-45.42,48.51,Inner,True,False,,auto,R13,Unknown
703,10.33,938.0,458.0,-21.42,-37.74,43.39,Inner,True,False,,auto,R13,Unknown
713,10.5,931.0,447.0,-29.1,-25.66,38.8,Inner,True,True,,auto,R13,Unknown
723,10.67,923.0,442.0,-37.89,-20.17,42.92,Inner,True,False,,auto,R13,Unknown
733,10.83,909.0,438.0,-53.25,-15.78,55.54,Inner,True,False,,auto,R13,Unknown
743,11.0,911.0,436.0,-51.06,-13.59,52.83,Inner,True,False,,auto,R13,Unknown
753,11.17,895.0,438.0,-68.62,-15.78,70.41,Inner,True,False,,auto,R13,Unknown
763,11.33,909.0,444.0,-53.25,-22.37,57.76,Inner,True,False,,auto,R13,Unknown
773,11.5,909.0,448.0,-53.25,-26.76,59.6,Inner,True,False,,auto,R13,Unknown
783,11.67,912.0,462.0,-49.96,-42.13,65.35,Inner,True,False,,auto,R13,Unknown
793,11.83,913.0,471.0,-48.86,-52.01,71.36,Inner,True,False,,auto,R13,Unknown
803,12.0,913.0,484.0,-48.86,-66.28,82.34,Inner,True,False,,auto,R13,Unknown
813,12.17,910.0,495.0,-52.16,-78.35,94.12,Inner,True,False,,auto,R13,Unknown
823,12.33,906.0,500.0,-56.55,-83.84,101.13,Inner,True,False,,auto,R13,Unknown
833,12.5,902.0,513.0,-60.94,-98.11,115.49,Inner,True,False,,auto,R13,Unknown
843,12.67,903.0,519.0,-59.84,-104.69,120.59,Inner,True,False,,auto,R13,Unknown
853,12.83,906.0,525.0,-56.55,-111.28,124.82,Inner,True,False,,auto,R13,Unknown
863,13.0,916.0,534.0,-45.57,-121.16,129.45,Inner,True,False,,auto,R13,Unknown
873,13.17,922.0,536.0,-38.98,-123.36,129.37,Inner,True,False,,auto,R13,Unknown
883,13.33,931.0,538.0,-29.1,-125.55,128.88,Inner,True,False,,auto,R13,Unknown
893,13.5,936.0,537.0,-23.62,-124.45,126.67,Inner,True,False,,auto,R13,Unknown
903,13.67,948.0,535.0,-10.44,-122.26,122.7,Inner,True,False,,auto,R13,Unknown
913,13.83,950.0,529.0,-8.25,-115.67,115.97,Inner,True,False,,auto,R13,Unknown
923,14.0,959.0,521.0,1.63,-106.89,106.9,Inner,True,False,,auto,R13,Unknown
933,14.17,965.0,515.0,8.22,-100.3,100.64,Inner,True,False,,auto,R13,Unknown
943,14.33,970.0,507.0,13.71,-91.52,92.54,Inner,True,False,,auto,R13,Unknown
953,14.5,971.0,497.0,14.8,-80.55,81.89,Inner,True,False,,auto,R13,Unknown
963,14.67,972.0,489.0,15.9,-71.76,73.5,Inner,True,False,,auto,R13,Unknown
973,14.83,972.0,483.0,15.9,-65.18,67.09,Inner,True,False,,auto,R13,Unknown
983,15.0,976.0,481.0,20.29,-62.98,66.17,Inner,True,False,,auto,R13,Unknown
993,15.17,971.0,479.0,14.8,-60.79,62.56,Inner,True,False,,auto,R13,Unknown
1003,15.33,970.0,471.0,13.71,-52.01,53.78,Inner,True,False,,auto,R13,Unknown
1013,15.5,967.0,472.0,10.41,-53.1,54.11,Inner,True,False,,auto,R13,Unknown
1023,15.67,964.0,471.0,7.12,-52.01,52.49,Inner,True,False,,auto,R13,Unknown
1033,15.83,956.0,466.0,-1.66,-46.52,46.55,Inner,True,False,,auto,R13,Unknown
1043,16.0,948.0,464.0,-10.44,-44.32,45.54,Inner,True,False,,auto,R13,Unknown
1053,16.17,942.0,465.0,-17.03,-45.42,48.51,Inner,True,False,,auto,R13,Unknown
1063,16.33,948.0,458.0,-10.44,-37.74,39.15,Inner,True,True,,auto,R13,Unknown
1073,16.5,951.0,476.0,-7.15,-57.49,57.94,Inner,True,False,,auto,R13,Unknown
1083,16.67,956.0,483.0,-1.66,-65.18,65.2,Inner,True,False,,auto,R13,Unknown
1093,16.83,942.0,479.0,-17.03,-60.79,63.13,Inner,True,False,,auto,R13,Unknown
1103,17.0,965.0,474.0,8.22,-55.3,55.91,Inner,True,False,,auto,R13,Unknown
1113,17.17,974.0,471.0,18.1,-52.01,55.06,Inner,True,False,,auto,R13,Unknown
1123,17.33,951.0,473.0,-7.15,-54.2,54.67,Inner,True,False,,auto,R13,Unknown
1133,17.5,956.0,474.0,-1.66,-55.3,55.32,Inner,True,False,,auto,R13,Unknown
1143,17.67,954.0,471.0,-3.86,-52.01,52.15,Inner,True,False,,auto,R13,Unknown
1153,17.83,975.0,470.0,19.19,-50.91,54.41,Inner,True,False,,auto,R13,Unknown
1163,18.0,989.0,465.0,34.56,-45.42,57.07,Inner,True,False,,auto,R13,Unknown
1173,18.17,989.0,465.0,34.56,-45.42,57.07,Inner,True,False,,auto,R13,Unknown
1183,18.33,991.0,466.0,36.76,-46.52,59.29,Inner,True,False,,auto,R13,Unknown
1193,18.5,991.0,464.0,36.76,-44.32,57.58,Inner,True,False,,auto,R13,Unknown
1203,18.67,967.0,467.0,10.41,-47.61,48.74,Inner,True,False,,auto,R13,Unknown
1213,18.83,962.0,472.0,4.92,-53.1,53.33,Inner,True,False,,auto,R13,Unknown
1223,19.0,956.0,469.0,-1.66,-49.81,49.84,Inner,True,False,,auto,R13,Unknown
1233,19.17,969.0,468.0,12.61,-48.71,50.32,Inner,True,False,,auto,R13,Unknown
1243,19.33,972.0,472.0,15.9,-53.1,55.43,Inner,True,False,,auto,R13,Unknown
1253,19.5,988.0,464.0,33.46,-44.32,55.54,Inner,True,False,,auto,R13,Unknown
1263,19.67,982.0,463.0,26.88,-43.22,50.9,Inner,True,False,,auto,R13,Unknown
1273,19.83,996.0,465.0,42.25,-45.42,62.03,Inner,True,False,,auto,R13,Unknown
1283,20.0,978.0,472.0,22.49,-53.1,57.67,Inner,True,False,,auto,R13,Unknown
1293,20.17,984.0,467.0,29.07,-47.61,55.79,Inner,True,False,,auto,R13,Unknown
1303,20.33,997.0,463.0,43.34,-43.22,61.21,Inner,True,False,,auto,R13,Unknown
1313,20.5,988.0,466.0,33.46,-46.52,57.3,Inner,True,False,,auto,R13,Unknown
1323,20.67,996.0,465.0,42.25,-45.42,62.03,Inner,True,False,,auto,R13,Unknown
1333,20.83,980.0,470.0,24.68,-50.91,56.58,Inner,True,False,,auto,R13,Unknown
1343,21.0,969.0,473.0,12.61,-54.2,55.65,Inner,True,False,,auto,R13,Unknown
1353,21.17,977.0,467.0,21.39,-47.61,52.2,Inner,True,False,,auto,R13,Unknown
1363,21.33,965.0,475.0,8.22,-56.4,56.99,Inner,True,False,,auto,R13,Unknown
1373,21.5,974.0,474.0,18.1,-55.3,58.18,Inner,True,False,,auto,R13,Unknown
6757,111.23,928.0,469.33,-32.4,-50.18,59.73,Inner,True,False,,help,R13,Unknown
6767,111.4,923.0,472.0,-37.89,-53.1,65.23,Inner,True,False,,auto,R13,Unknown
6777,111.57,914.0,469.0,-47.76,-49.81,69.01,Inner,True,False,,auto,R13,Unknown
6787,111.73,906.0,467.0,-56.55,-47.61,73.92,Inner,True,False,,auto,R13,Unknown
6797,111.9,899.0,467.0,-64.23,-47.61,79.95,Inner,True,False,,auto,R13,Unknown
6807,112.07,891.0,465.0,-73.01,-45.42,85.99,Inner,True,False,,auto,R13,Unknown
6817,112.23,884.0,464.0,-80.7,-44.32,92.07,Inner,True,False,,auto,R13,Unknown
6827,112.4,876.0,465.0,-89.48,-45.42,100.34,Inner,True,False,,auto,R13,Unknown
6837,112.57,866.0,464.0,-100.45,-44.32,109.8,Inner,True,False,,auto,R13,Unknown
6847,112.73,857.0,465.0,-110.33,-45.42,119.32,Inner,True,False,,auto,R13,Unknown
6857,112.9,849.0,463.0,-119.11,-43.22,126.71,Inner,True,False,,auto,R13,Unknown
6867,113.07,836.0,465.0,-133.38,-45.42,140.91,Inner,True,False,,auto,R13,Unknown
6877,113.23,829.0,462.0,-141.07,-42.13,147.22,Inner,True,False,,auto,R13,Unknown
6887,113.4,827.0,461.0,-143.26,-41.03,149.02,Inner,True,False,,auto,R13,Unknown
6897,113.57,828.0,461.0,-142.17,-41.03,147.97,Inner,True,False,,auto,R13,Unknown
6907,113.73,804.0,467.0,-168.51,-47.61,175.11,Inner,True,False,,auto,R13,Unknown
6917,113.9,801.0,464.0,-171.8,-44.32,177.43,Inner,True,False,,auto,R13,Unknown
6927,114.07,786.0,465.0,-188.27,-45.42,193.67,Inner,True,False,,auto,R13,Unknown
6937,114.23,765.0,470.0,-211.32,-50.91,217.37,Outer,True,False,Inner -> Outer,auto,R13,Unknown
6947,114.4,762.0,465.0,-214.61,-45.42,219.37,Outer,True,False,,auto,R13,Unknown
6957,114.57,756.0,466.0,-221.2,-46.52,226.04,Outer,True,False,,auto,R13,Unknown
6967,114.73,747.0,467.0,-231.08,-47.61,235.93,Outer,True,False,,auto,R13,Unknown
6977,114.9,741.0,468.0,-237.67,-48.71,242.61,Outer,True,False,,auto,R13,Unknown
6987,115.07,733.0,468.0,-246.45,-48.71,251.22,Outer,True,False,,auto,R13,Unknown
6997,115.23,725.0,471.0,-255.23,-52.01,260.47,Outer,True,False,,auto,R13,Unknown
7007,115.4,725.0,476.0,-255.23,-57.49,261.62,Outer,True,False,,auto,R13,Unknown
7017,115.57,705.0,478.0,-277.18,-59.69,283.54,Outer,True,False,,auto,R13,Unknown
7027,115.73,701.0,485.0,-281.57,-67.37,289.52,Outer,True,False,,auto,R13,Unknown
7037,115.9,694.0,491.0,-289.26,-73.96,298.56,Outer,True,False,,auto,R13,Unknown
7047,116.07,689.0,496.0,-294.75,-79.45,305.27,Outer,True,False,,auto,R13,Unknown
7057,116.23,679.0,500.0,-305.72,-83.84,317.01,Outer,True,False,,auto,R13,Unknown
7067,116.4,675.0,505.0,-310.11,-89.33,322.72,Outer,True,False,,auto,R13,Unknown
7077,116.57,665.0,511.0,-321.09,-95.91,335.11,Outer,True,False,,auto,R13,Unknown
7087,116.73,663.0,519.0,-323.29,-104.69,339.82,Outer,True,False,,auto,R13,Unknown
7097,116.9,657.0,523.0,-329.87,-109.09,347.44,Outer,True,False,,auto,R13,Unknown
7107,117.07,653.0,528.0,-334.26,-114.57,353.35,Outer,True,False,,auto,R13,Unknown
7117,117.23,648.0,536.0,-339.75,-123.36,361.45,Outer,True,False,,auto,R13,Unknown
7127,117.4,643.0,544.0,-345.24,-132.14,369.66,Outer,True,False,,auto,R13,Unknown
7137,117.57,639.0,553.0,-349.63,-142.02,377.37,Outer,True,False,,auto,R13,Unknown
7147,117.73,637.0,558.0,-351.83,-147.5,381.5,Outer,True,False,,auto,R13,Unknown
7157,117.9,634.0,566.0,-355.12,-156.29,387.99,Outer,True,False,,auto,R13,Unknown
7167,118.07,631.0,569.0,-358.41,-159.58,392.33,Outer,True,False,,auto,R13,Unknown
7177,118.23,626.0,579.0,-363.9,-170.56,401.89,Outer,True,False,,auto,R13,Unknown
7187,118.4,621.0,588.0,-369.39,-180.44,411.1,Outer,True,False,,auto,R13,Unknown
7197,118.57,622.0,592.0,-368.29,-184.83,412.07,Outer,True,False,,auto,R13,Unknown
7207,118.73,617.0,601.0,-373.78,-194.71,421.45,Exited,False,False,Outer -> Exited,auto,R13,Unknown
7217,118.9,615.0,608.0,-375.98,-202.39,426.99,Exited,False,False,,auto,R13,Unknown
7227,119.07,615.0,617.0,-375.98,-212.27,431.76,Exited,False,False,,auto,R13,Unknown
7237,119.23,617.0,622.0,-373.78,-217.76,432.58,Exited,False,False,,auto,R13,Unknown
7247,119.4,618.0,630.0,-372.68,-226.54,436.13,Exited,False,False,,auto,R13,Unknown
7257,119.57,621.0,639.0,-369.39,-236.42,438.57,Exited,False,False,,auto,R13,Unknown
7267,119.73,622.0,643.0,-368.29,-240.81,440.03,Exited,False,False,,auto,R13,Unknown
7277,119.9,620.0,650.0,-370.49,-248.49,446.1,Exited,False,False,,auto,R13,Unknown
7287,120.07,621.0,659.0,-369.39,-258.37,450.78,Exited,False,False,,auto,R13,Unknown
7297,120.23,622.0,667.0,-368.29,-267.15,454.98,Exited,False,False,,auto,R13,Unknown
7307,120.4,623.0,670.0,-367.19,-270.45,456.04,Exited,False,False,,auto,R13,Unknown
7317,120.57,617.0,691.0,-373.78,-293.5,475.24,Exited,False,False,,auto,R13,Unknown
7327,120.73,617.0,697.0,-373.78,-300.08,479.33,Exited,False,False,,auto,R13,Unknown
7337,120.9,617.0,705.0,-373.78,-308.87,484.88,Exited,False,False,,auto,R13,Unknown
7347,121.07,617.0,715.0,-373.78,-319.84,491.95,Exited,False,False,,auto,R13,Unknown
7357,121.23,618.0,719.0,-372.68,-324.23,493.98,Exited,False,False,,auto,R13,Unknown
7367,121.4,618.0,726.0,-372.68,-331.92,499.06,Exited,False,False,,auto,R13,Unknown
7377,121.57,621.0,734.0,-369.39,-340.7,502.52,Exited,False,False,,auto,R13,Unknown
7387,121.73,624.0,741.0,-366.1,-348.38,505.37,Exited,False,False,,auto,R13,Unknown
7397,121.9,627.0,748.0,-362.8,-356.07,508.34,Exited,False,False,,auto,R13,Unknown
7407,122.07,630.0,756.0,-359.51,-364.85,512.21,Exited,False,False,,auto,R13,Unknown
7417,122.23,631.0,764.0,-358.41,-373.63,517.74,Exited,False,False,,auto,R13,Unknown
7427,122.4,633.0,776.0,-356.22,-386.8,525.84,Exited,False,False,,auto,R13,Unknown
7437,122.57,636.0,783.0,-352.92,-394.49,529.31,Exited,False,False,,auto,R13,Unknown
7447,122.73,638.0,789.0,-350.73,-401.07,532.79,Exited,False,False,,auto,R13,Unknown
7457,122.9,641.0,801.0,-347.44,-414.24,540.66,Exited,False,False,,auto,R13,Unknown
7467,123.07,643.0,807.0,-345.24,-420.83,544.32,Exited,False,False,,auto,R13,Unknown
7477,123.23,645.0,812.0,-343.04,-426.32,547.2,Exited,False,False,,auto,R13,Unknown
7487,123.4,654.93,823.47,-332.14,-438.91,550.41,Exited,False,False,,help,R13,Unknown
7497,123.57,657.0,826.0,-329.87,-441.69,551.27,Exited,False,False,,auto,R13,Unknown
7507,123.73,661.0,829.0,-325.48,-444.98,551.31,Exited,False,False,,auto,R13,Unknown
7517,123.9,668.0,832.0,-317.8,-448.27,549.49,Exited,False,False,,auto,R13,Unknown
7527,124.07,675.0,835.0,-310.11,-451.57,547.8,Exited,False,False,,auto,R13,Unknown
7537,124.23,683.0,838.0,-301.33,-454.86,545.62,Exited,False,False,,auto,R13,Unknown
7547,124.4,691.0,841.0,-292.55,-458.15,543.59,Exited,False,False,,auto,R13,Unknown
7557,124.57,699.0,846.0,-283.77,-463.64,543.59,Exited,False,False,,auto,R13,Unknown
7567,124.73,706.0,849.0,-276.09,-466.93,542.45,Exited,False,False,,auto,R13,Unknown
7577,124.9,713.0,852.0,-268.4,-470.23,541.44,Exited,False,False,,auto,R13,Unknown
7587,125.07,720.0,856.0,-260.72,-474.62,541.51,Exited,False,False,,auto,R13,Unknown
7597,125.23,727.0,859.0,-253.03,-477.91,540.76,Exited,False,False,,auto,R13,Unknown
7607,125.4,736.0,863.0,-243.15,-482.3,540.13,Exited,False,False,,auto,R13,Unknown
7617,125.57,743.0,867.0,-235.47,-486.69,540.66,Exited,False,False,,auto,R13,Unknown
7627,125.73,752.0,870.0,-225.59,-489.99,539.42,Exited,False,False,,auto,R13,Unknown
7637,125.9,758.0,872.0,-219.01,-492.18,538.71,Exited,False,False,,auto,R13,Unknown
7647,126.07,766.0,877.0,-210.22,-497.67,540.25,Exited,False,False,,auto,R13,Unknown
7657,126.23,763.0,874.0,-213.52,-494.38,538.51,Exited,False,False,,auto,R13,Unknown
7667,126.4,760.0,873.0,-216.81,-493.28,538.82,Exited,False,False,,auto,R13,Unknown
7677,126.57,762.0,875.0,-214.61,-495.47,539.96,Exited,False,False,,auto,R13,Unknown
7687,126.73,766.0,875.0,-210.22,-495.47,538.23,Exited,False,False,,auto,R13,Unknown
7697,126.9,771.0,876.0,-204.74,-496.57,537.12,Exited,False,False,,auto,R13,Unknown
7707,127.07,777.0,878.0,-198.15,-498.77,536.69,Exited,False,False,,auto,R13,Unknown
7717,127.23,782.0,881.0,-192.66,-502.06,537.76,Exited,False,False,,auto,R13,Unknown
7727,127.4,806.0,891.0,-166.32,-513.04,539.32,Exited,False,False,,auto,R13,Unknown
7737,127.57,804.27,881.07,-168.22,-502.13,529.56,Exited,False,False,,help,R13,Unknown
7747,127.73,810.0,883.0,-161.92,-504.26,529.62,Exited,False,False,,auto,R13,Unknown
7757,127.9,820.0,887.0,-150.95,-508.65,530.57,Exited,False,False,,auto,R13,Unknown
7767,128.07,826.0,889.0,-144.36,-510.84,530.85,Exited,False,False,,auto,R13,Unknown
7777,128.23,835.0,892.0,-134.48,-514.13,531.43,Exited,False,False,,auto,R13,Unknown
7787,128.4,841.0,895.0,-127.9,-517.43,533.0,Exited,False,False,,auto,R13,Unknown
7797,128.57,842.0,896.0,-126.8,-518.53,533.8,Exited,False,False,,auto,R13,Unknown
7807,128.73,823.0,888.0,-147.65,-509.74,530.7,Exited,False,False,,auto,R13,Unknown
7817,128.9,839.0,894.0,-130.09,-516.33,532.47,Exited,False,False,,auto,R13,Unknown
7827,129.07,817.0,885.0,-154.24,-506.45,529.42,Exited,False,False,,auto,R13,Unknown
7837,129.23,825.0,889.0,-145.46,-510.84,531.15,Exited,False,False,,auto,R13,Unknown
7847,129.4,810.0,882.0,-161.92,-503.16,528.57,Exited,False,False,,auto,R13,Unknown
7857,129.57,906.67,878.93,-55.81,-499.79,502.9,Exited,False,False,,help,R13,Unknown
7867,129.73,914.0,877.0,-47.76,-497.67,499.96,Exited,False,False,,auto,R13,Unknown
7877,129.9,923.0,876.0,-37.89,-496.57,498.01,Exited,False,False,,auto,R13,Unknown
7887,130.07,932.0,877.0,-28.01,-497.67,498.46,Exited,False,False,,auto,R13,Unknown
7897,130.23,939.0,878.0,-20.32,-498.77,499.18,Exited,False,False,,auto,R13,Unknown
7907,130.4,946.0,882.0,-12.64,-503.16,503.32,Exited,False,False,,auto,R13,Unknown
7917,130.57,955.0,886.0,-2.76,-507.55,507.56,Exited,False,False,,auto,R13,Unknown
7927,130.73,962.0,888.0,4.92,-509.74,509.77,Exited,False,False,,auto,R13,Unknown
7937,130.9,972.0,888.0,15.9,-509.74,509.99,Exited,False,False,,auto,R13,Unknown
7947,131.07,980.0,887.0,24.68,-508.65,509.24,Exited,False,False,,auto,R13,Unknown
7957,131.23,989.0,884.0,34.56,-505.35,506.53,Exited,False,False,,auto,R13,Unknown
7967,131.4,996.0,881.0,42.25,-502.06,503.83,Exited,False,False,,auto,R13,Unknown
7977,131.57,1003.0,876.0,49.93,-496.57,499.08,Exited,False,False,,auto,R13,Unknown
7987,131.73,1011.0,869.0,58.71,-488.89,492.4,Exited,False,False,,auto,R13,Unknown
7997,131.9,1016.0,866.0,64.2,-485.59,489.82,Exited,False,False,,auto,R13,Unknown
8007,132.07,1024.0,863.0,72.98,-482.3,487.79,Exited,False,False,,auto,R13,Unknown
8017,132.23,1030.0,862.0,79.57,-481.2,487.74,Exited,False,False,,auto,R13,Unknown
8027,132.4,1039.0,861.0,89.45,-480.11,488.37,Exited,False,False,,auto,R13,Unknown
8037,132.57,1046.0,863.0,97.13,-482.3,491.98,Exited,False,False,,auto,R13,Unknown
8047,132.73,1055.0,867.0,107.01,-486.69,498.32,Exited,False,False,,auto,R13,Unknown
8057,132.9,1061.0,868.0,113.6,-487.79,500.84,Exited,False,False,,auto,R13,Unknown
8067,133.07,1068.0,870.0,121.28,-489.99,504.77,Exited,False,False,,auto,R13,Unknown
8077,133.23,1077.0,871.0,131.16,-491.08,508.3,Exited,False,False,,auto,R13,Unknown
8087,133.4,1085.0,871.0,139.94,-491.08,510.63,Exited,False,False,,auto,R13,Unknown
8097,133.57,1094.0,870.0,149.82,-489.99,512.38,Exited,False,False,,auto,R13,Unknown
8107,133.73,1103.0,868.0,159.7,-487.79,513.27,Exited,False,False,,auto,R13,Unknown
8117,133.9,1112.0,866.0,169.58,-485.59,514.35,Exited,False,False,,auto,R13,Unknown
8127,134.07,1121.0,864.0,179.46,-483.4,515.64,Exited,False,False,,auto,R13,Unknown
8137,134.23,1129.0,862.0,188.24,-481.2,516.71,Exited,False,False,,auto,R13,Unknown
8147,134.4,1137.0,860.0,197.02,-479.01,517.94,Exited,False,False,,auto,R13,Unknown
8157,134.57,1146.0,856.0,206.9,-474.62,517.75,Exited,False,False,,auto,R13,Unknown
8167,134.73,1151.0,852.0,212.39,-470.23,515.97,Exited,False,False,,auto,R13,Unknown
8177,134.9,1160.0,849.0,222.27,-466.93,517.14,Exited,False,False,,auto,R13,Unknown
8187,135.07,1168.0,845.0,231.05,-462.54,517.04,Exited,False,False,,auto,R13,Unknown
8197,135.23,1174.0,841.0,237.64,-458.15,516.11,Exited,False,False,,auto,R13,Unknown
8207,135.4,1183.0,836.0,247.51,-452.66,515.91,Exited,False,False,,auto,R13,Unknown
8217,135.57,1191.0,834.0,256.3,-450.47,518.28,Exited,False,False,,auto,R13,Unknown
8227,135.73,1200.0,828.0,266.18,-443.88,517.57,Exited,False,False,,auto,R13,Unknown
8237,135.9,1207.0,822.0,273.86,-437.3,515.97,Exited,False,False,,auto,R13,Unknown
8247,136.07,1215.0,817.0,282.64,-431.81,516.08,Exited,False,False,,auto,R13,Unknown
8257,136.23,1222.0,813.0,290.32,-427.42,516.69,Exited,False,False,,auto,R13,Unknown
8267,136.4,1228.0,808.0,296.91,-421.93,515.93,Exited,False,False,,auto,R13,Unknown
8277,136.57,1236.0,806.0,305.69,-419.73,519.25,Exited,False,False,,auto,R13,Unknown
8287,136.73,1243.0,803.0,313.38,-416.44,521.18,Exited,False,False,,auto,R13,Unknown
8297,136.9,1252.0,799.0,323.26,-412.05,523.72,Exited,False,False,,auto,R13,Unknown
8307,137.07,1258.0,796.0,329.84,-408.76,525.24,Exited,False,False,,auto,R13,Unknown
8317,137.23,1268.0,790.0,340.82,-402.17,527.16,Exited,False,False,,auto,R13,Unknown
8327,137.4,1276.0,786.0,349.6,-397.78,529.57,Exited,False,False,,auto,R13,Unknown
8337,137.57,1284.0,781.0,358.38,-392.29,531.35,Exited,False,False,,auto,R13,Unknown
8347,137.73,1291.0,778.0,366.07,-389.0,534.16,Exited,False,False,,auto,R13,Unknown
8357,137.9,1299.0,775.0,374.85,-385.7,537.85,Exited,False,False,,auto,R13,Unknown
8367,138.07,1305.0,772.0,381.43,-382.41,540.12,Exited,False,False,,auto,R13,Unknown
8377,138.23,1313.0,770.0,390.21,-380.22,544.82,Exited,False,False,,auto,R13,Unknown
8387,138.4,1320.0,767.0,397.9,-376.92,548.08,Exited,False,False,,auto,R13,Unknown
8397,138.57,1326.0,762.0,404.48,-371.43,549.16,Exited,False,False,,auto,R13,Unknown
8407,138.73,1336.0,756.0,415.46,-364.85,552.92,Exited,False,False,,auto,R13,Unknown
8417,138.9,1340.0,753.0,419.85,-361.55,554.07,Exited,False,False,,auto,R13,Unknown
8427,139.07,1347.0,749.0,427.54,-357.16,557.09,Exited,False,False,,auto,R13,Unknown
8437,139.23,1353.0,743.0,434.12,-350.58,558.0,Exited,False,False,,auto,R13,Unknown
8447,139.4,1360.0,739.0,441.81,-346.19,561.28,Exited,False,False,,auto,R13,Unknown
8457,139.57,1369.6,736.0,452.34,-342.89,567.62,Exited,False,False,,help,R13,Unknown
8467,139.73,1374.0,730.0,457.17,-336.31,567.55,Exited,False,False,,auto,R13,Unknown
8477,139.9,1379.0,726.0,462.66,-331.92,569.41,Exited,False,False,,auto,R13,Unknown
8487,140.07,1382.0,720.0,465.96,-325.33,568.29,Exited,False,False,,auto,R13,Unknown
8497,140.23,1383.0,714.0,467.05,-318.74,565.45,Exited,False,False,,auto,R13,Unknown
8507,140.4,1386.0,711.0,470.35,-315.45,566.34,Exited,False,False,,auto,R13,Unknown
8517,140.57,1389.0,705.0,473.64,-308.87,565.45,Exited,False,False,,auto,R13,Unknown
8527,140.73,1394.0,694.0,479.13,-296.79,563.6,Exited,False,False,,auto,R13,Unknown
8537,140.9,1397.0,686.0,482.42,-288.01,561.85,Exited,False,False,,auto,R13,Unknown
8547,141.07,1400.0,679.0,485.71,-280.33,560.8,Exited,False,False,,auto,R13,Unknown
8557,141.23,1402.0,676.0,487.91,-277.03,561.07,Exited,False,False,,auto,R13,Unknown
8567,141.4,1405.0,666.0,491.2,-266.06,558.63,Exited,False,False,,auto,R13,Unknown
8577,141.57,1406.0,661.0,492.3,-260.57,557.01,Exited,False,False,,auto,R13,Unknown
8587,141.73,1407.0,659.0,493.4,-258.37,556.95,Exited,False,False,,auto,R13,Unknown
8597,141.9,1408.0,654.0,494.5,-252.88,555.41,Exited,False,False,,auto,R13,Unknown
8607,142.07,1408.0,655.0,494.5,-253.98,555.91,Exited,False,False,,auto,R13,Unknown
8617,142.23,1409.0,653.0,495.59,-251.79,555.89,Exited,False,False,,auto,R13,Unknown
8627,142.4,1407.0,653.0,493.4,-251.79,553.93,Exited,False,False,,auto,R13,Unknown
8637,142.57,1408.0,652.0,494.5,-250.69,554.41,Exited,False,False,,auto,R13,Unknown
8647,142.73,1408.0,653.0,494.5,-251.79,554.91,Exited,False,False,,auto,R13,Unknown
8657,142.9,1407.0,651.0,493.4,-249.59,552.93,Exited,False,False,,auto,R13,Unknown
8667,143.07,1406.0,650.0,492.3,-248.49,551.46,Exited,False,False,,auto,R13,Unknown
8677,143.23,1415.0,625.0,502.18,-221.05,548.68,Exited,False,False,,auto,R13,Unknown
8687,143.4,1417.0,622.0,504.37,-217.76,549.37,Exited,False,False,,auto,R13,Unknown
8697,143.57,1417.0,620.0,504.37,-215.56,548.51,Exited,False,False,,auto,R13,Unknown
8707,143.73,1417.0,620.0,504.37,-215.56,548.51,Exited,False,False,,auto,R13,Unknown
8717,143.9,1417.0,620.0,504.37,-215.56,548.51,Exited,False,False,,auto,R13,Unknown
8727,144.07,1417.0,620.0,504.37,-215.56,548.51,Exited,False,False,,auto,R13,Unknown
8737,144.23,1417.0,621.0,504.37,-216.66,548.94,Exited,False,False,,auto,R13,Unknown
8747,144.4,1417.0,621.0,504.37,-216.66,548.94,Exited,False,False,,auto,R13,Unknown
8757,144.57,1427.2,582.4,515.57,-174.29,544.23,Exited,False,False,,help,R13,Unknown
8767,144.73,1430.0,580.0,518.64,-171.65,546.31,Exited,False,False,,auto,R13,Unknown
8777,144.9,1424.0,584.0,512.06,-176.04,541.48,Exited,False,False,,auto,R13,Unknown
8787,145.07,1424.0,585.0,512.06,-177.14,541.83,Exited,False,False,,auto,R13,Unknown
8797,145.23,1423.0,586.0,510.96,-178.24,541.16,Exited,False,False,,auto,R13,Unknown
8807,145.4,1422.0,586.0,509.86,-178.24,540.12,Exited,False,False,,auto,R13,Unknown
8817,145.57,1421.0,587.0,508.77,-179.34,539.45,Exited,False,False,,auto,R13,Unknown
8827,145.73,1421.0,585.0,508.77,-177.14,538.72,Exited,False,False,,auto,R13,Unknown
8837,145.9,1421.0,585.0,508.77,-177.14,538.72,Exited,False,False,,auto,R13,Unknown
8847,146.07,1421.0,589.0,508.77,-181.53,540.18,Exited,False,False,,auto,R13,Unknown
8857,146.23,1422.0,585.0,509.86,-177.14,539.76,Exited,False,False,,auto,R13,Unknown
8867,146.4,1421.0,587.0,508.77,-179.34,539.45,Exited,False,False,,auto,R13,Unknown
8877,146.57,1421.0,586.0,508.77,-178.24,539.08,Exited,False,False,,auto,R13,Unknown
8887,146.73,1422.0,584.0,509.86,-176.04,539.4,Exited,False,False,,auto,R13,Unknown
8897,146.9,1412.0,608.0,498.89,-202.39,538.38,Exited,False,False,,auto,R13,Unknown
8907,147.07,1420.0,587.0,507.67,-179.34,538.41,Exited,False,False,,auto,R13,Unknown
8917,147.23,1435.73,599.47,524.94,-193.02,559.3,Exited,False,False,,help,R13,Unknown
8927,147.4,1433.0,604.0,521.94,-198.0,558.23,Exited,False,False,,auto,R13,Unknown
8937,147.57,1424.0,623.0,512.06,-218.85,556.87,Exited,False,False,,auto,R13,Unknown
8947,147.73,1423.0,624.0,510.96,-219.95,556.29,Exited,False,False,,auto,R13,Unknown
8957,147.9,1436.0,599.0,525.23,-192.51,559.4,Exited,False,False,,auto,R13,Unknown
8967,148.07,1436.0,599.0,525.23,-192.51,559.4,Exited,False,False,,auto,R13,Unknown
8977,148.23,1436.0,599.0,525.23,-192.51,559.4,Exited,False,False,,auto,R13,Unknown
8987,148.4,1435.0,600.0,524.13,-193.61,558.75,Exited,False,False,,auto,R13,Unknown
8997,148.57,1436.0,600.0,525.23,-193.61,559.78,Exited,False,False,,auto,R13,Unknown
9007,148.73,1441.0,586.0,530.72,-178.24,559.85,Exited,False,False,,auto,R13,Unknown
9017,148.9,1453.0,562.0,543.89,-151.9,564.7,Exited,False,False,,auto,R13,Unknown
9027,149.07,1452.0,563.0,542.79,-152.99,563.94,Exited,False,False,,auto,R13,Unknown
9037,149.23,1453.0,562.0,543.89,-151.9,564.7,Exited,False,False,,auto,R13,Unknown
9047,149.4,1453.0,562.0,543.89,-151.9,564.7,Exited,False,False,,auto,R13,Unknown
9057,149.57,1453.0,562.0,543.89,-151.9,564.7,Exited,False,False,,auto,R13,Unknown
9067,149.73,1453.0,562.0,543.89,-151.9,564.7,Exited,False,False,,auto,R13,Unknown
9077,149.9,1453.0,562.0,543.89,-151.9,564.7,Exited,False,False,,auto,R13,Unknown
9087,150.07,1363.2,680.53,445.32,-282.01,527.1,Exited,False,False,,help,R13,Unknown
9097,150.23,1363.0,677.0,445.1,-278.13,524.85,Exited,False,False,,auto,R13,Unknown
9107,150.4,1363.0,676.0,445.1,-277.03,524.27,Exited,False,False,,auto,R13,Unknown
9117,150.57,1360.0,688.0,441.81,-290.2,528.59,Exited,False,False,,auto,R13,Unknown
9127,150.73,1360.0,690.0,441.81,-292.4,529.8,Exited,False,False,,auto,R13,Unknown
9137,150.9,1373.0,665.0,456.08,-264.96,527.45,Exited,False,False,,auto,R13,Unknown
9147,151.07,1376.0,659.0,459.37,-258.37,527.04,Exited,False,False,,auto,R13,Unknown
9157,151.23,1378.0,654.0,461.56,-252.88,526.3,Exited,False,False,,auto,R13,Unknown
9167,151.4,1377.0,655.0,460.47,-253.98,525.87,Exited,False,False,,auto,R13,Unknown
9177,151.57,1375.0,660.0,458.27,-259.47,526.63,Exited,False,False,,auto,R13,Unknown
9187,151.73,1374.0,662.0,457.17,-261.66,526.76,Exited,False,False,,auto,R13,Unknown
9197,151.9,1375.0,660.0,458.27,-259.47,526.63,Exited,False,False,,auto,R13,Unknown
9207,152.07,1320.53,725.33,398.48,-331.19,518.14,Exited,False,False,,help,R13,Unknown
9217,152.23,1319.0,732.0,396.8,-338.5,521.57,Exited,False,False,,auto,R13,Unknown
9227,152.4,1318.0,742.0,395.7,-349.48,527.94,Exited,False,False,,auto,R13,Unknown
9237,152.57,1314.0,750.0,391.31,-358.26,530.54,Exited,False,False,,auto,R13,Unknown
9247,152.73,1310.0,758.0,386.92,-367.04,533.32,Exited,False,False,,auto,R13,Unknown
9257,152.9,1305.0,764.0,381.43,-373.63,533.94,Exited,False,False,,auto,R13,Unknown
9267,153.07,1303.0,768.0,379.24,-378.02,535.46,Exited,False,False,,auto,R13,Unknown
9277,153.23,1294.0,773.0,369.36,-383.51,532.45,Exited,False,False,,auto,R13,Unknown
9287,153.4,1288.0,773.0,362.77,-383.51,527.9,Exited,False,False,,auto,R13,Unknown
9297,153.57,1285.0,771.0,359.48,-381.31,524.05,Exited,False,False,,auto,R13,Unknown
9307,153.73,1278.0,764.0,351.8,-373.63,513.19,Exited,False,False,,auto,R13,Unknown
9317,153.9,1272.0,758.0,345.21,-367.04,503.88,Exited,False,False,,auto,R13,Unknown
9327,154.07,1269.0,750.0,341.92,-358.26,495.24,Exited,False,False,,auto,R13,Unknown
9337,154.23,1268.0,744.0,340.82,-351.68,489.73,Exited,False,False,,auto,R13,Unknown
9347,154.4,1268.0,758.0,340.82,-367.04,500.88,Exited,False,False,,auto,R13,Unknown
9357,154.57,1251.0,777.0,322.16,-387.9,504.23,Exited,False,False,,auto,R13,Unknown
9367,154.73,1260.0,761.0,332.04,-370.34,497.39,Exited,False,False,,auto,R13,Unknown
9377,154.9,1269.0,752.0,341.92,-360.46,496.83,Exited,False,False,,auto,R13,Unknown
9387,155.07,1272.0,769.0,345.21,-379.12,512.74,Exited,False,False,,auto,R13,Unknown
9397,155.23,1265.0,755.0,337.53,-363.75,496.22,Exited,False,False,,auto,R13,Unknown
9407,155.4,1305.6,686.93,382.09,-289.03,479.1,Exited,False,False,,help,R13,Unknown
9417,155.57,1309.0,681.0,385.82,-282.52,478.2,Exited,False,False,,auto,R13,Unknown
9427,155.73,1313.0,671.0,390.21,-271.54,475.4,Exited,False,False,,auto,R13,Unknown
9437,155.9,1316.0,663.0,393.51,-262.76,473.17,Exited,False,False,,auto,R13,Unknown
9447,156.07,1306.0,687.0,382.53,-289.11,479.49,Exited,False,False,,auto,R13,Unknown
9457,156.23,1313.0,673.0,390.21,-273.74,476.66,Exited,False,False,,auto,R13,Unknown
9467,156.4,1323.0,653.0,401.19,-251.79,473.66,Exited,False,False,,auto,R13,Unknown
9477,156.57,1325.0,647.0,403.39,-245.2,472.06,Exited,False,False,,auto,R13,Unknown
9487,156.73,1328.0,643.0,406.68,-240.81,472.63,Exited,False,False,,auto,R13,Unknown
9497,156.9,1325.0,650.0,403.39,-248.49,473.78,Exited,False,False,,auto,R13,Unknown
9507,157.07,1327.0,645.0,405.58,-243.0,472.81,Exited,False,False,,auto,R13,Unknown
9517,157.23,1326.0,648.0,404.48,-246.3,473.57,Exited,False,False,,auto,R13,Unknown
9527,157.4,1327.0,646.0,405.58,-244.1,473.37,Exited,False,False,,auto,R13,Unknown
9537,157.57,1316.0,670.0,393.51,-270.45,477.48,Exited,False,False,,auto,R13,Unknown
9547,157.73,1327.0,646.0,405.58,-244.1,473.37,Exited,False,False,,auto,R13,Unknown
9557,157.9,1327.0,646.0,405.58,-244.1,473.37,Exited,False,False,,auto,R13,Unknown
9567,158.07,1328.0,642.0,406.68,-239.71,472.07,Exited,False,False,,auto,R13,Unknown
9577,158.23,1327.0,645.0,405.58,-243.0,472.81,Exited,False,False,,auto,R13,Unknown
9587,158.4,1328.0,643.0,406.68,-240.81,472.63,Exited,False,False,,auto,R13,Unknown
9597,158.57,1318.0,665.0,395.7,-264.96,476.22,Exited,False,False,,auto,R13,Unknown
9607,158.73,1327.0,646.0,405.58,-244.1,473.37,Exited,False,False,,auto,R13,Unknown
9617,158.9,1327.0,646.0,405.58,-244.1,473.37,Exited,False,False,,auto,R13,Unknown
9627,159.07,1327.0,646.0,405.58,-244.1,473.37,Exited,False,False,,auto,R13,Unknown
9637,159.23,1326.0,647.0,404.48,-245.2,473.0,Exited,False,False,,auto,R13,Unknown
9647,159.4,1405.87,546.13,492.15,-134.48,510.2,Exited,False,False,,help,R13,Unknown
9657,159.57,1403.0,538.0,489.01,-125.55,504.87,Exited,False,False,,auto,R13,Unknown
9667,159.73,1400.0,530.0,485.71,-116.77,499.55,Exited,False,False,,auto,R13,Unknown
9677,159.9,1396.0,519.0,481.32,-104.69,492.58,Exited,False,False,,auto,R13,Unknown
9687,160.07,1409.0,523.0,495.59,-109.09,507.46,Exited,False,False,,auto,R13,Unknown
9697,160.23,1405.0,536.0,491.2,-123.36,506.45,Exited,False,False,,auto,R13,Unknown
9707,160.4,1404.0,532.0,490.1,-118.96,504.34,Exited,False,False,,auto,R13,Unknown
9717,160.57,1415.0,507.0,502.18,-91.52,510.45,Exited,False,False,,auto,R13,Unknown
9727,160.73,1428.0,494.0,516.45,-77.25,522.2,Exited,False,False,,auto,R13,Unknown
9737,160.9,1415.0,506.0,502.18,-90.42,510.26,Exited,False,False,,auto,R13,Unknown
9747,161.07,1421.0,520.0,508.77,-105.79,519.65,Exited,False,False,,auto,R13,Unknown
9757,161.23,1415.0,520.0,502.18,-105.79,513.2,Exited,False,False,,auto,R13,Unknown
9767,161.4,1406.0,539.0,492.3,-126.65,508.33,Exited,False,False,,auto,R13,Unknown
9777,161.57,1412.27,428.8,499.18,-5.68,499.21,Exited,False,False,,help,R13,Unknown
9787,161.73,1416.0,420.0,503.28,3.98,503.29,Exited,False,False,,auto,R13,Unknown
9797,161.9,1421.0,410.0,508.77,14.95,508.99,Exited,False,False,,auto,R13,Unknown
9807,162.07,1424.0,403.0,512.06,22.64,512.56,Exited,False,False,,auto,R13,Unknown
9817,162.23,1425.0,394.0,513.16,32.52,514.19,Exited,False,False,,auto,R13,Unknown
9827,162.4,1429.0,387.0,517.55,40.2,519.11,Exited,False,False,,auto,R13,Unknown
9837,162.57,1434.0,381.0,523.04,46.79,525.12,Exited,False,False,,auto,R13,Unknown
9847,162.73,1440.0,375.0,529.62,53.37,532.3,Exited,False,False,,auto,R13,Unknown
9857,162.9,1446.0,368.0,536.21,61.06,539.67,Exited,False,False,,auto,R13,Unknown
9867,163.07,1451.0,360.0,541.7,69.84,546.18,Exited,False,False,,auto,R13,Unknown
9877,163.23,1453.0,351.0,543.89,79.72,549.7,Exited,False,False,,auto,R13,Unknown
9887,163.4,1456.0,342.0,547.19,89.6,554.47,Exited,False,False,,auto,R13,Unknown
9897,163.57,1456.0,333.0,547.19,99.48,556.15,Exited,False,False,,auto,R13,Unknown
9907,163.73,1455.0,321.0,546.09,112.65,557.59,Exited,False,False,,auto,R13,Unknown
9917,163.9,1454.0,313.0,544.99,121.43,558.35,Exited,False,False,,auto,R13,Unknown
9927,164.07,1451.0,305.0,541.7,130.21,557.13,Exited,False,False,,auto,R13,Unknown
9937,164.23,1445.0,295.0,535.11,141.19,553.42,Exited,False,False,,auto,R13,Unknown
9947,164.4,1440.0,290.0,529.62,146.68,549.56,Exited,False,False,,auto,R13,Unknown
9957,164.57,1431.0,283.0,519.74,154.36,542.18,Exited,False,False,,auto,R13,Unknown
9967,164.73,1424.0,277.0,512.06,160.95,536.76,Exited,False,False,,auto,R13,Unknown
9977,164.9,1419.0,268.0,506.57,170.83,534.6,Exited,False,False,,auto,R13,Unknown
9987,165.07,1413.0,258.0,499.98,181.8,532.01,Exited,False,False,,auto,R13,Unknown
9997,165.23,1410.0,250.0,496.69,190.58,532.0,Exited,False,False,,auto,R13,Unknown
10007,165.4,1409.0,240.0,495.59,201.56,535.01,Exited,False,False,,auto,R13,Unknown
10017,165.57,1410.0,231.0,496.69,211.44,539.82,Exited,False,False,,auto,R13,Unknown
10027,165.73,1414.0,224.0,501.08,219.12,546.9,Exited,False,False,,auto,R13,Unknown
10037,165.9,1414.0,215.0,501.08,229.0,550.93,Exited,False,False,,auto,R13,Unknown
10047,166.07,1414.0,205.0,501.08,239.98,555.58,Exited,False,False,,auto,R13,Unknown
10057,166.23,1415.0,197.0,502.18,248.76,560.42,Exited,False,False,,auto,R13,Unknown
10067,166.4,1416.0,190.0,503.28,256.45,564.85,Exited,False,False,,auto,R13,Unknown
10077,166.57,1416.0,179.0,503.28,268.52,570.43,Exited,False,False,,auto,R13,Unknown
10087,166.73,1414.0,172.0,501.08,276.2,572.16,Exited,False,False,,auto,R13,Unknown
10097,166.9,1407.0,161.0,493.4,288.28,571.44,Exited,False,False,,auto,R13,Unknown
10107,167.07,1401.0,153.0,486.81,297.06,570.29,Exited,False,False,,auto,R13,Unknown
10117,167.23,1393.0,145.0,478.03,305.84,567.5,Exited,False,False,,auto,R13,Unknown
10127,167.4,1388.0,135.0,472.54,316.82,568.92,Exited,False,False,,auto,R13,Unknown
10137,167.57,1386.0,127.0,470.35,325.6,572.05,Exited,False,False,,auto,R13,Unknown
10147,167.73,1385.0,118.0,469.25,335.48,576.84,Exited,False,False,,auto,R13,Unknown
10157,167.9,1382.0,108.0,465.96,346.46,580.64,Exited,False,False,,auto,R13,Unknown
10167,168.07,1374.0,102.0,457.17,353.04,577.62,Exited,False,False,,auto,R13,Unknown
10177,168.23,1366.0,99.0,448.39,356.34,572.74,Exited,False,False,,auto,R13,Unknown
10187,168.4,1359.0,97.0,440.71,358.53,568.13,Exited,False,False,,auto,R13,Unknown
10197,168.57,1349.0,92.0,429.73,364.02,563.19,Exited,False,False,,auto,R13,Unknown
10207,168.73,1341.0,90.0,420.95,366.22,557.95,Exited,False,False,,auto,R13,Unknown
10217,168.9,1329.0,84.0,407.78,372.8,552.51,Exited,False,False,,auto,R13,Unknown
10227,169.07,1321.0,76.0,399.0,381.58,552.09,Exited,False,False,,auto,R13,Unknown
10237,169.23,1317.0,75.0,394.61,382.68,549.69,Exited,False,False,,auto,R13,Unknown
10247,169.4,1292.8,64.0,368.04,394.76,539.71,Exited,False,False,,help,R13,Unknown
10257,169.57,1284.0,61.0,358.38,398.05,535.61,Exited,False,False,,auto,R13,Unknown
10267,169.73,1281.0,60.0,355.09,399.15,534.23,Exited,False,False,,auto,R13,Unknown
10277,169.9,1266.0,53.0,338.62,406.83,529.32,Exited,False,False,,auto,R13,Unknown
10287,170.07,1290.0,61.0,364.97,398.05,540.04,Exited,False,False,,auto,R13,Unknown
10297,170.23,1291.0,63.0,366.07,395.85,539.17,Exited,False,False,,auto,R13,Unknown
10307,170.4,1288.0,61.0,362.77,398.05,538.56,Exited,False,False,,auto,R13,Unknown
10317,170.57,1312.0,75.0,389.12,382.68,545.76,Exited,False,False,,auto,R13,Unknown
10327,170.73,1287.0,62.0,361.67,396.95,537.01,Exited,False,False,,auto,R13,Unknown
10337,170.9,1288.0,61.0,362.77,398.05,538.56,Exited,False,False,,auto,R13,Unknown
10347,171.07,1305.0,72.0,381.43,385.97,542.65,Exited,False,False,,auto,R13,Unknown
10357,171.23,1315.0,70.0,392.41,388.17,551.96,Exited,False,False,,auto,R13,Unknown
10367,171.4,1290.0,65.0,364.97,393.66,536.81,Exited,False,False,,auto,R13,Unknown
10377,171.57,1293.0,66.0,368.26,392.56,538.26,Exited,False,False,,auto,R13,Unknown
10387,171.73,1293.0,67.0,368.26,391.46,537.46,Exited,False,False,,auto,R13,Unknown
10397,171.9,1290.0,61.0,364.97,398.05,540.04,Exited,False,False,,auto,R13,Unknown
10407,172.07,1289.0,62.0,363.87,396.95,538.49,Exited,False,False,,auto,R13,Unknown
10417,172.23,1291.0,63.0,366.07,395.85,539.17,Exited,False,False,,auto,R13,Unknown
10427,172.4,1293.0,66.0,368.26,392.56,538.26,Exited,False,False,,auto,R13,Unknown
10437,172.57,1291.0,64.0,366.07,394.76,538.36,Exited,False,False,,auto,R13,Unknown
10447,172.73,1289.0,61.0,363.87,398.05,539.3,Exited,False,False,,auto,R13,Unknown
10457,172.9,1295.0,66.0,370.46,392.56,539.76,Exited,False,False,,auto,R13,Unknown
10467,173.07,1290.0,66.0,364.97,392.56,536.01,Exited,False,False,,auto,R13,Unknown
10477,173.23,1293.0,63.0,368.26,395.85,540.66,Exited,False,False,,auto,R13,Unknown
10487,173.4,1291.0,62.0,366.07,396.95,539.98,Exited,False,False,,auto,R13,Unknown
10497,173.57,1284.0,62.0,358.38,396.95,534.8,Exited,False,False,,auto,R13,Unknown
10507,173.73,1291.0,63.0,366.07,395.85,539.17,Exited,False,False,,auto,R13,Unknown
10517,173.9,1283.0,60.0,357.28,399.15,535.7,Exited,False,False,,auto,R13,Unknown
10527,174.07,1284.0,63.0,358.38,395.85,533.98,Exited,False,False,,auto,R13,Unknown
10537,174.23,1304.0,79.0,380.34,378.29,536.43,Exited,False,False,,auto,R13,Unknown
10547,174.4,1290.0,64.0,364.97,394.76,537.62,Exited,False,False,,auto,R13,Unknown
10557,174.57,1290.0,62.0,364.97,396.95,539.23,Exited,False,False,,auto,R13,Unknown
10567,174.73,1289.0,62.0,363.87,396.95,538.49,Exited,False,False,,auto,R13,Unknown
10577,174.9,1303.0,76.0,379.24,381.58,537.98,Exited,False,False,,auto,R13,Unknown
10587,175.07,1292.0,66.0,367.16,392.56,537.51,Exited,False,False,,auto,R13,Unknown
10597,175.23,1292.0,63.0,367.16,395.85,539.92,Exited,False,False,,auto,R13,Unknown
10607,175.4,1316.0,77.0,393.51,380.49,547.37,Exited,False,False,,auto,R13,Unknown
10617,175.57,1291.0,64.0,366.07,394.76,538.36,Exited,False,False,,auto,R13,Unknown
10627,175.73,1284.0,59.0,358.38,400.24,537.25,Exited,False,False,,auto,R13,Unknown
10637,175.9,1292.0,67.0,367.16,391.46,536.7,Exited,False,False,,auto,R13,Unknown
10647,176.07,1285.0,61.0,359.48,398.05,536.35,Exited,False,False,,auto,R13,Unknown
10657,176.23,1291.0,61.0,366.07,398.05,540.78,Exited,False,False,,auto,R13,Unknown
10667,176.4,1288.0,65.0,362.77,393.66,535.32,Exited,False,False,,auto,R13,Unknown
10677,176.57,1293.0,70.0,368.26,388.17,535.06,Exited,False,False,,auto,R13,Unknown
10687,176.73,1288.0,63.0,362.77,395.85,536.94,Exited,False,False,,auto,R13,Unknown
10697,176.9,1286.0,61.0,360.58,398.05,537.08,Exited,False,False,,auto,R13,Unknown
10707,177.07,1287.0,68.0,361.67,390.37,532.16,Exited,False,False,,auto,R13,Unknown
10717,177.23,1284.0,62.0,358.38,396.95,534.8,Exited,False,False,,auto,R13,Unknown
10727,177.4,1293.0,64.0,368.26,394.76,539.86,Exited,False,False,,auto,R13,Unknown
10737,177.57,1287.0,62.0,361.67,396.95,537.01,Exited,False,False,,auto,R13,Unknown
10747,177.73,1284.0,59.0,358.38,400.24,537.25,Exited,False,False,,auto,R13,Unknown
10757,177.9,1289.0,63.0,363.87,395.85,537.68,Exited,False,False,,auto,R13,Unknown
10767,178.07,1283.0,61.0,357.28,398.05,534.88,Exited,False,False,,auto,R13,Unknown
10777,178.23,1297.0,63.0,372.65,395.85,543.66,Exited,False,False,,auto,R13,Unknown
10787,178.4,1296.0,69.0,371.55,389.27,538.13,Exited,False,False,,auto,R13,Unknown
10797,178.57,1279.0,60.0,352.89,399.15,532.78,Exited,False,False,,auto,R13,Unknown
10807,178.73,1290.0,69.0,364.97,389.27,533.6,Exited,False,False,,auto,R13,Unknown
10817,178.9,1289.0,65.0,363.87,393.66,536.07,Exited,False,False,,auto,R13,Unknown
10827,179.07,1286.0,62.0,360.58,396.95,536.27,Exited,False,False,,auto,R13,Unknown
10837,179.23,1292.0,68.0,367.16,390.37,535.9,Exited,False,False,,auto,R13,Unknown
10847,179.4,1285.0,60.0,359.48,399.15,537.16,Exited,False,False,,auto,R13,Unknown
10947,181.07,1111.47,78.93,168.99,378.36,414.39,Outer,True,False,Exited -> Outer,help,R13,Unknown
10957,181.23,1111.0,86.0,168.48,370.61,407.11,Outer,True,False,,auto,R13,Unknown
10967,181.4,1103.0,97.0,159.7,358.53,392.49,Outer,True,False,,auto,R13,Unknown
10977,181.57,1097.0,103.0,153.11,351.95,383.81,Outer,True,False,,auto,R13,Unknown
10987,181.73,1094.0,111.0,149.82,343.16,374.44,Outer,True,False,,auto,R13,Unknown
10997,181.9,1091.0,115.0,146.53,338.77,369.1,Outer,True,False,,auto,R13,Unknown
11007,182.07,1093.0,126.0,148.72,326.7,358.96,Outer,True,False,,auto,R13,Unknown
11017,182.23,1091.0,133.0,146.53,319.01,351.06,Outer,True,False,,auto,R13,Unknown
11027,182.4,1075.0,150.0,128.96,300.35,326.87,Outer,True,False,,auto,R13,Unknown
11037,182.57,1069.0,152.0,122.38,298.16,322.3,Outer,True,False,,auto,R13,Unknown
11047,182.73,1065.0,155.0,117.99,294.87,317.6,Outer,True,False,,auto,R13,Unknown
11057,182.9,1057.0,161.0,109.21,288.28,308.27,Outer,True,False,,auto,R13,Unknown
11067,183.07,1063.0,176.0,115.79,271.81,295.45,Outer,True,False,,auto,R13,Unknown
11077,183.23,1067.0,182.0,120.18,265.23,291.19,Outer,True,False,,auto,R13,Unknown
11087,183.4,1071.0,189.0,124.57,257.54,286.09,Outer,True,False,,auto,R13,Unknown
11097,183.57,1079.0,203.0,133.35,242.18,276.46,Outer,True,False,,auto,R13,Unknown
11107,183.73,1076.0,203.0,130.06,242.18,274.89,Outer,True,False,,auto,R13,Unknown
11117,183.9,1071.0,205.0,124.57,239.98,270.39,Outer,True,False,,auto,R13,Unknown
11127,184.07,1071.0,219.0,124.57,224.61,256.85,Outer,True,False,,auto,R13,Unknown
11137,184.23,1076.0,221.0,130.06,222.42,257.65,Outer,True,False,,auto,R13,Unknown
11147,184.4,1077.0,228.0,131.16,214.73,251.62,Outer,True,False,,auto,R13,Unknown
11157,184.57,1072.0,233.0,125.67,209.25,244.08,Outer,True,False,,auto,R13,Unknown
11167,184.73,1085.0,236.0,139.94,205.95,249.0,Outer,True,False,,auto,R13,Unknown
11177,184.9,1090.0,235.0,145.43,207.05,253.02,Outer,True,False,,auto,R13,Unknown
11187,185.07,1096.0,240.0,152.02,201.56,252.46,Outer,True,False,,auto,R13,Unknown
11197,185.23,1102.0,243.0,158.6,198.27,253.9,Outer,True,False,,auto,R13,Unknown
11207,185.4,1116.0,257.0,173.97,182.9,252.42,Outer,True,False,,auto,R13,Unknown
11217,185.57,1103.0,253.0,159.7,187.29,246.13,Outer,True,False,,auto,R13,Unknown
11227,185.73,1108.0,260.0,165.19,179.61,244.02,Outer,True,False,,auto,R13,Unknown
11237,185.9,1107.0,262.0,164.09,177.41,241.66,Outer,True,False,,auto,R13,Unknown
11247,186.07,1099.0,271.0,155.31,167.53,228.45,Outer,True,False,,auto,R13,Unknown
11257,186.23,1095.0,283.0,150.92,154.36,215.88,Outer,True,False,,auto,R13,Unknown
11267,186.4,1086.0,292.0,141.04,144.48,201.91,Inner,True,False,Outer -> Inner,auto,R13,Unknown
11277,186.57,1082.0,298.0,136.65,137.9,194.13,Inner,True,False,,auto,R13,Unknown
11287,186.73,1076.0,302.0,130.06,133.5,186.39,Inner,True,False,,auto,R13,Unknown
11297,186.9,1079.0,313.0,133.35,121.43,180.36,Inner,True,False,,auto,R13,Unknown
11307,187.07,1074.0,307.0,127.87,128.02,180.94,Inner,True,False,,auto,R13,Unknown
11317,187.23,1071.0,321.0,124.57,112.65,167.95,Inner,True,False,,auto,R13,Unknown
11327,187.4,1071.0,330.0,124.57,102.77,161.49,Inner,True,False,,auto,R13,Unknown
11337,187.57,1059.0,334.0,111.4,98.38,148.62,Inner,True,False,,auto,R13,Unknown
11347,187.73,1062.0,332.0,114.69,100.57,152.54,Inner,True,False,,auto,R13,Unknown
11357,187.9,1055.0,335.0,107.01,97.28,144.62,Inner,True,False,,auto,R13,Unknown
11367,188.07,1046.0,339.0,97.13,92.89,134.4,Inner,True,False,,auto,R13,Unknown
11377,188.23,1027.0,355.0,76.27,75.33,107.2,Inner,True,False,,auto,R13,Unknown
11387,188.4,1022.0,363.0,70.79,66.55,97.15,Inner,True,False,,auto,R13,Unknown
11397,188.57,1017.0,370.0,65.3,58.86,87.91,Inner,True,False,,auto,R13,Unknown
11407,188.73,1029.0,383.0,78.47,44.59,90.25,Inner,True,False,,auto,R13,Unknown
11417,188.9,1028.0,386.0,77.37,41.3,87.7,Inner,True,False,,auto,R13,Unknown
11427,189.07,1011.0,392.0,58.71,34.71,68.21,Inner,True,False,,auto,R13,Unknown
11437,189.23,1002.0,408.0,48.83,17.15,51.76,Inner,True,False,,auto,R13,Unknown
11447,189.4,994.0,415.0,40.05,9.47,41.15,Inner,True,False,,auto,R13,Unknown
11457,189.57,994.0,417.0,40.05,7.27,40.71,Inner,True,False,,auto,R13,Unknown
11467,189.73,993.0,416.0,38.95,8.37,39.84,Inner,True,True,,auto,R13,Unknown
11477,189.9,995.0,417.0,41.15,7.27,41.79,Inner,True,False,,auto,R13,Unknown
11487,190.07,996.0,416.0,42.25,8.37,43.07,Inner,True,False,,auto,R13,Unknown
11497,190.23,996.0,416.0,42.25,8.37,43.07,Inner,True,False,,auto,R13,Unknown
11507,190.4,996.0,416.0,42.25,8.37,43.07,Inner,True,False,,auto,R13,Unknown
11517,190.57,996.0,416.0,42.25,8.37,43.07,Inner,True,False,,auto,R13,Unknown
11527,190.73,996.0,416.0,42.25,8.37,43.07,Inner,True,False,,auto,R13,Unknown
11537,190.9,996.0,416.0,42.25,8.37,43.07,Inner,True,False,,auto,R13,Unknown
11547,191.07,996.0,416.0,42.25,8.37,43.07,Inner,True,False,,auto,R13,Unknown
11557,191.23,996.0,416.0,42.25,8.37,43.07,Inner,True,False,,auto,R13,Unknown
11567,191.4,996.0,416.0,42.25,8.37,43.07,Inner,True,False,,auto,R13,Unknown
11577,191.57,996.0,416.0,42.25,8.37,43.07,Inner,True,False,,auto,R13,Unknown
11587,191.73,995.0,415.0,41.15,9.47,42.22,Inner,True,False,,auto,R13,Unknown
11597,191.9,996.0,416.0,42.25,8.37,43.07,Inner,True,False,,auto,R13,Unknown
11607,192.07,996.0,416.0,42.25,8.37,43.07,Inner,True,False,,auto,R13,Unknown
11617,192.23,996.0,415.0,42.25,9.47,43.29,Inner,True,False,,auto,R13,Unknown
11627,192.4,995.0,415.0,41.15,9.47,42.22,Inner,True,False,,auto,R13,Unknown
11637,192.57,996.0,416.0,42.25,8.37,43.07,Inner,True,False,,auto,R13,Unknown
11647,192.73,995.0,416.0,41.15,8.37,41.99,Inner,True,False,,auto,R13,Unknown
11657,192.9,996.0,416.0,42.25,8.37,43.07,Inner,True,False,,auto,R13,Unknown
11667,193.07,996.0,416.0,42.25,8.37,43.07,Inner,True,False,,auto,R13,Unknown
11677,193.23,996.0,416.0,42.25,8.37,43.07,Inner,True,False,,auto,R13,Unknown
11687,193.4,996.0,416.0,42.25,8.37,43.07,Inner,True,False,,auto,R13,Unknown
11697,193.57,995.0,415.0,41.15,9.47,42.22,Inner,True,False,,auto,R13,Unknown
11707,193.73,996.0,416.0,42.25,8.37,43.07,Inner,True,False,,auto,R13,Unknown
11717,193.9,996.0,416.0,42.25,8.37,43.07,Inner,True,False,,auto,R13,Unknown
11727,194.07,996.0,416.0,42.25,8.37,43.07,Inner,True,False,,auto,R13,Unknown
11737,194.23,996.0,416.0,42.25,8.37,43.07,Inner,True,False,,auto,R13,Unknown
11747,194.4,996.0,416.0,42.25,8.37,43.07,Inner,True,False,,auto,R13,Unknown
11757,194.57,996.0,416.0,42.25,8.37,43.07,Inner,True,False,,auto,R13,Unknown
11767,194.73,996.0,416.0,42.25,8.37,43.07,Inner,True,False,,auto,R13,Unknown
11777,194.9,996.0,416.0,42.25,8.37,43.07,Inner,True,False,,auto,R13,Unknown
11787,195.07,996.0,416.0,42.25,8.37,43.07,Inner,True,False,,auto,R13,Unknown
11797,195.23,996.0,416.0,42.25,8.37,43.07,Inner,True,False,,auto,R13,Unknown
11807,195.4,996.0,416.0,42.25,8.37,43.07,Inner,True,False,,auto,R13,Unknown
11817,195.57,996.0,416.0,42.25,8.37,43.07,Inner,True,False,,auto,R13,Unknown
11827,195.73,996.0,416.0,42.25,8.37,43.07,Inner,True,False,,auto,R13,Unknown
11837,195.9,996.0,416.0,42.25,8.37,43.07,Inner,True,False,,auto,R13,Unknown
11847,196.07,996.0,416.0,42.25,8.37,43.07,Inner,True,False,,auto,R13,Unknown
11857,196.23,996.0,415.0,42.25,9.47,43.29,Inner,True,False,,auto,R13,Unknown
11867,196.4,996.0,416.0,42.25,8.37,43.07,Inner,True,False,,auto,R13,Unknown
11877,196.57,996.0,416.0,42.25,8.37,43.07,Inner,True,False,,auto,R13,Unknown
11887,196.73,996.0,416.0,42.25,8.37,43.07,Inner,True,False,,auto,R13,Unknown
11897,196.9,996.0,416.0,42.25,8.37,43.07,Inner,True,False,,auto,R13,Unknown
11907,197.07,996.0,416.0,42.25,8.37,43.07,Inner,True,False,,auto,R13,Unknown
11917,197.23,996.0,415.0,42.25,9.47,43.29,Inner,True,False,,auto,R13,Unknown
11927,197.4,996.0,416.0,42.25,8.37,43.07,Inner,True,False,,auto,R13,Unknown
11937,197.57,996.0,416.0,42.25,8.37,43.07,Inner,True,False,,auto,R13,Unknown
11947,197.73,996.0,416.0,42.25,8.37,43.07,Inner,True,False,,auto,R13,Unknown
11957,197.9,996.0,415.0,42.25,9.47,43.29,Inner,True,False,,auto,R13,Unknown
11967,198.07,996.0,415.0,42.25,9.47,43.29,Inner,True,False,,auto,R13,Unknown
11977,198.23,996.0,415.0,42.25,9.47,43.29,Inner,True,False,,auto,R13,Unknown
11987,198.4,995.0,415.0,41.15,9.47,42.22,Inner,True,False,,auto,R13,Unknown
11997,198.57,996.0,415.0,42.25,9.47,43.29,Inner,True,False,,auto,R13,Unknown
12007,198.73,995.0,415.0,41.15,9.47,42.22,Inner,True,False,,auto,R13,Unknown
12017,198.9,996.0,416.0,42.25,8.37,43.07,Inner,True,False,,auto,R13,Unknown
12027,199.07,996.0,416.0,42.25,8.37,43.07,Inner,True,False,,auto,R13,Unknown
12037,199.23,996.0,416.0,42.25,8.37,43.07,Inner,True,False,,auto,R13,Unknown
12047,199.4,996.0,416.0,42.25,8.37,43.07,Inner,True,False,,auto,R13,Unknown
12057,199.57,996.0,416.0,42.25,8.37,43.07,Inner,True,False,,auto,R13,Unknown
12067,199.73,996.0,416.0,42.25,8.37,43.07,Inner,True,False,,auto,R13,Unknown
12077,199.9,996.0,416.0,42.25,8.37,43.07,Inner,True,False,,auto,R13,Unknown
13314,220.52,1032.53,388.27,82.35,38.81,91.04,Inner,True,False,,help,R13,Unknown
13324,220.68,1043.0,395.0,93.84,31.42,98.96,Inner,True,False,,auto,R13,Unknown
13334,220.85,1052.0,401.0,103.72,24.83,106.65,Inner,True,False,,auto,R13,Unknown
13344,221.02,1056.0,404.0,108.11,21.54,110.23,Inner,True,False,,auto,R13,Unknown
13354,221.18,1067.0,410.0,120.18,14.95,121.11,Inner,True,False,,auto,R13,Unknown
13364,221.35,1079.0,416.0,133.35,8.37,133.62,Inner,True,False,,auto,R13,Unknown
13374,221.52,1090.0,423.0,145.43,0.68,145.43,Inner,True,False,,auto,R13,Unknown
13384,221.68,1100.0,427.0,156.41,-3.71,156.45,Inner,True,False,,auto,R13,Unknown
13394,221.85,1108.0,434.0,165.19,-11.39,165.58,Inner,True,False,,auto,R13,Unknown
13404,222.02,1117.0,440.0,175.07,-17.98,175.99,Inner,True,False,,auto,R13,Unknown
13414,222.18,1130.0,451.0,189.34,-30.05,191.71,Inner,True,False,,auto,R13,Unknown
13424,222.35,1140.0,462.0,200.31,-42.13,204.7,Inner,True,False,,auto,R13,Unknown
13434,222.52,1152.0,475.0,213.49,-56.4,220.81,Outer,True,False,Inner -> Outer,auto,R13,Unknown
13444,222.68,1160.0,484.0,222.27,-66.28,231.94,Outer,True,False,,auto,R13,Unknown
13454,222.85,1168.0,492.0,231.05,-75.06,242.93,Outer,True,False,,auto,R13,Unknown
13464,223.02,1175.0,495.0,238.73,-78.35,251.26,Outer,True,False,,auto,R13,Unknown
13474,223.18,1184.0,501.0,248.61,-84.94,262.72,Outer,True,False,,auto,R13,Unknown
13484,223.35,1192.0,505.0,257.39,-89.33,272.45,Outer,True,False,,auto,R13,Unknown
13494,223.52,1201.0,511.0,267.27,-95.91,283.96,Outer,True,False,,auto,R13,Unknown
13504,223.68,1209.0,517.0,276.05,-102.5,294.47,Outer,True,False,,auto,R13,Unknown
13514,223.85,1219.0,519.0,287.03,-104.69,305.53,Outer,True,False,,auto,R13,Unknown
13524,224.02,1232.0,524.0,301.3,-110.18,320.82,Outer,True,False,,auto,R13,Unknown
13534,224.18,1236.0,524.0,305.69,-110.18,324.94,Outer,True,False,,auto,R13,Unknown
13544,224.35,1248.0,526.0,318.86,-112.38,338.09,Outer,True,False,,auto,R13,Unknown
13554,224.52,1261.0,529.0,333.13,-115.67,352.65,Outer,True,False,,auto,R13,Unknown
13564,224.68,1272.0,527.0,345.21,-113.48,363.38,Outer,True,False,,auto,R13,Unknown
13574,224.85,1286.0,527.0,360.58,-113.48,378.01,Outer,True,False,,auto,R13,Unknown
13584,225.02,1297.0,523.0,372.65,-109.09,388.29,Outer,True,False,,auto,R13,Unknown
13594,225.18,1300.0,518.0,375.94,-103.6,389.96,Outer,True,False,,auto,R13,Unknown
13604,225.35,1308.0,513.0,384.73,-98.11,397.04,Outer,True,False,,auto,R13,Unknown
13614,225.52,1316.0,508.0,393.51,-92.62,404.26,Outer,True,False,,auto,R13,Unknown
13624,225.68,1322.0,504.0,400.09,-88.23,409.71,Outer,True,False,,auto,R13,Unknown
13634,225.85,1320.0,494.0,397.9,-77.25,405.33,Outer,True,False,,auto,R13,Unknown
13644,226.02,1325.0,488.0,403.39,-70.67,409.53,Outer,True,False,,auto,R13,Unknown
13654,226.18,1321.0,476.0,399.0,-57.49,403.12,Outer,True,False,,auto,R13,Unknown
13664,226.35,1319.0,469.0,396.8,-49.81,399.92,Outer,True,False,,auto,R13,Unknown
13674,226.52,1315.0,456.0,392.41,-35.54,394.02,Outer,True,False,,auto,R13,Unknown
13684,226.68,1315.0,449.0,392.41,-27.86,393.4,Outer,True,False,,auto,R13,Unknown
13694,226.85,1317.0,439.0,394.61,-16.88,394.97,Outer,True,False,,auto,R13,Unknown
13704,227.02,1326.0,439.0,404.48,-16.88,404.84,Outer,True,False,,auto,R13,Unknown
13714,227.18,1329.0,439.0,407.78,-16.88,408.13,Outer,True,False,,auto,R13,Unknown
13724,227.35,1331.0,441.0,409.97,-19.07,410.42,Outer,True,False,,auto,R13,Unknown
13734,227.52,1333.0,444.0,412.17,-22.37,412.78,Outer,True,False,,auto,R13,Unknown
13744,227.68,1343.0,444.0,423.15,-22.37,423.74,Exited,False,False,Outer -> Exited,auto,R13,Unknown
13754,227.85,1345.0,445.0,425.34,-23.47,425.99,Exited,False,False,,auto,R13,Unknown
13764,228.02,1338.0,452.0,417.66,-31.15,418.82,Outer,True,False,Exited -> Outer,auto,R13,Unknown
13774,228.18,1334.0,446.0,413.27,-24.56,414.0,Outer,True,False,,auto,R13,Unknown
13784,228.35,1331.0,433.0,409.97,-10.29,410.1,Outer,True,False,,auto,R13,Unknown
13794,228.52,1325.0,423.0,403.39,0.68,403.39,Outer,True,False,,auto,R13,Unknown
13804,228.68,1322.0,420.0,400.09,3.98,400.11,Outer,True,False,,auto,R13,Unknown
13814,228.85,1319.0,419.0,396.8,5.07,396.83,Outer,True,False,,auto,R13,Unknown
13824,229.02,1316.0,418.0,393.51,6.17,393.56,Outer,True,False,,auto,R13,Unknown
13834,229.18,1308.0,412.0,384.73,12.76,384.94,Outer,True,False,,auto,R13,Unknown
13844,229.35,1293.0,410.0,368.26,14.95,368.56,Outer,True,False,,auto,R13,Unknown
13854,229.52,1285.0,406.0,359.48,19.34,360.0,Outer,True,False,,auto,R13,Unknown
13864,229.68,1275.0,404.0,348.5,21.54,349.17,Outer,True,False,,auto,R13,Unknown
13874,229.85,1255.0,399.0,326.55,27.03,327.67,Outer,True,False,,auto,R13,Unknown
13884,230.02,1247.0,396.0,317.77,30.32,319.21,Outer,True,False,,auto,R13,Unknown
13894,230.18,1238.0,391.0,307.89,35.81,309.96,Outer,True,False,,auto,R13,Unknown
13904,230.35,1230.0,383.0,299.11,44.59,302.41,Outer,True,False,,auto,R13,Unknown
13914,230.52,1219.0,383.0,287.03,44.59,290.47,Outer,True,False,,auto,R13,Unknown
13924,230.68,1213.0,388.0,280.45,39.1,283.16,Outer,True,False,,auto,R13,Unknown
13934,230.85,1201.0,387.0,267.27,40.2,270.28,Outer,True,False,,auto,R13,Unknown
13944,231.02,1193.0,393.0,258.49,33.61,260.67,Outer,True,False,,auto,R13,Unknown
13954,231.18,1193.0,395.0,258.49,31.42,260.39,Outer,True,False,,auto,R13,Unknown
13964,231.35,1185.0,398.0,249.71,28.13,251.29,Outer,True,False,,auto,R13,Unknown
13974,231.52,1177.0,400.0,240.93,25.93,242.32,Outer,True,False,,auto,R13,Unknown
13984,231.68,1167.0,399.0,229.95,27.03,231.53,Outer,True,False,,auto,R13,Unknown
13994,231.85,1161.0,393.0,223.37,33.61,225.88,Outer,True,False,,auto,R13,Unknown
14004,232.02,1149.0,389.0,210.19,38.01,213.6,Outer,True,False,,auto,R13,Unknown
14014,232.18,1139.0,383.0,199.22,44.59,204.15,Inner,True,False,Outer -> Inner,auto,R13,Unknown
14024,232.35,1130.0,380.0,189.34,47.88,195.3,Inner,True,False,,auto,R13,Unknown
14034,232.52,1122.0,379.0,180.56,48.98,187.08,Inner,True,False,,auto,R13,Unknown
14044,232.68,1112.0,379.0,169.58,48.98,176.51,Inner,True,False,,auto,R13,Unknown
14054,232.85,1103.0,378.0,159.7,50.08,167.37,Inner,True,False,,auto,R13,Unknown
14064,233.02,1093.0,377.0,148.72,51.18,157.28,Inner,True,False,,auto,R13,Unknown
14074,233.18,1097.0,371.0,153.11,57.76,163.65,Inner,True,False,,auto,R13,Unknown
14084,233.35,1082.0,373.0,136.65,55.57,147.51,Inner,True,False,,auto,R13,Unknown
14094,233.52,1078.0,376.0,132.26,52.28,142.21,Inner,True,False,,auto,R13,Unknown
14104,233.68,1058.0,376.0,110.3,52.28,122.06,Inner,True,False,,auto,R13,Unknown
14114,233.85,1047.0,382.0,98.23,45.69,108.33,Inner,True,False,,auto,R13,Unknown
14124,234.02,1045.0,388.0,96.03,39.1,103.69,Inner,True,False,,auto,R13,Unknown
14134,234.18,1035.0,392.0,85.06,34.71,91.87,Inner,True,False,,auto,R13,Unknown
14144,234.35,1022.0,392.0,70.79,34.71,78.84,Inner,True,False,,auto,R13,Unknown
14154,234.52,1017.0,392.0,65.3,34.71,73.95,Inner,True,False,,auto,R13,Unknown
14164,234.68,1006.0,414.0,53.22,10.56,54.26,Inner,True,False,,auto,R13,Unknown
14174,234.85,990.0,430.0,35.66,-7.0,36.34,Inner,True,True,,auto,R13,Unknown
14184,235.02,988.0,430.0,33.46,-7.0,34.19,Inner,True,True,,auto,R13,Unknown
14194,235.18,986.0,432.0,31.27,-9.2,32.59,Inner,True,True,,auto,R13,Unknown
14204,235.35,992.0,426.0,37.86,-2.61,37.95,Inner,True,True,,auto,R13,Unknown
14214,235.52,988.0,432.0,33.46,-9.2,34.7,Inner,True,True,,auto,R13,Unknown
14224,235.68,994.0,421.0,40.05,2.88,40.15,Inner,True,False,,auto,R13,Unknown
14234,235.85,1024.0,422.4,72.98,1.34,72.99,Inner,True,False,,help,R13,Unknown
14244,236.02,1024.0,432.0,72.98,-9.2,73.56,Inner,True,False,,auto,R13,Unknown
14254,236.18,1020.0,451.0,68.59,-30.05,74.89,Inner,True,False,,auto,R13,Unknown
14264,236.35,1022.0,448.0,70.79,-26.76,75.67,Inner,True,False,,auto,R13,Unknown
14274,236.52,1015.0,452.0,63.1,-31.15,70.37,Inner,True,False,,auto,R13,Unknown
14284,236.68,1008.0,453.0,55.42,-32.25,64.12,Inner,True,False,,auto,R13,Unknown
14294,236.85,986.0,445.0,31.27,-23.47,39.09,Inner,True,True,,auto,R13,Unknown
14304,237.02,985.0,443.0,30.17,-21.27,36.92,Inner,True,True,,auto,R13,Unknown
14314,237.18,986.0,443.0,31.27,-21.27,37.82,Inner,True,True,,auto,R13,Unknown
14324,237.35,984.0,443.0,29.07,-21.27,36.02,Inner,True,True,,auto,R13,Unknown
14334,237.52,986.0,443.0,31.27,-21.27,37.82,Inner,True,True,,auto,R13,Unknown
14344,237.68,986.0,442.0,31.27,-20.17,37.21,Inner,True,True,,auto,R13,Unknown
14354,237.85,987.0,442.0,32.37,-20.17,38.14,Inner,True,True,,auto,R13,Unknown
14364,238.02,986.0,443.0,31.27,-21.27,37.82,Inner,True,True,,auto,R13,Unknown
14374,238.18,986.0,442.0,31.27,-20.17,37.21,Inner,True,True,,auto,R13,Unknown
14384,238.35,985.0,443.0,30.17,-21.27,36.92,Inner,True,True,,auto,R13,Unknown
14394,238.52,986.0,443.0,31.27,-21.27,37.82,Inner,True,True,,auto,R13,Unknown
14404,238.68,934.4,473.6,-25.37,-54.86,60.44,Inner,True,False,,help,R13,Unknown
14414,238.85,922.0,469.0,-38.98,-49.81,63.25,Inner,True,False,,auto,R13,Unknown
14424,239.02,916.0,472.0,-45.57,-53.1,69.98,Inner,True,False,,auto,R13,Unknown
14434,239.18,911.0,470.0,-51.06,-50.91,72.1,Inner,True,False,,auto,R13,Unknown
14444,239.35,901.0,476.0,-62.03,-57.49,84.58,Inner,True,False,,auto,R13,Unknown
14454,239.52,889.0,474.0,-75.21,-55.3,93.35,Inner,True,False,,auto,R13,Unknown
14464,239.68,874.0,478.0,-91.67,-59.69,109.39,Inner,True,False,,auto,R13,Unknown
14474,239.85,863.0,475.0,-103.75,-56.4,118.08,Inner,True,False,,auto,R13,Unknown
14484,240.02,851.0,473.0,-116.92,-54.2,128.87,Inner,True,False,,auto,R13,Unknown
14494,240.18,835.0,473.0,-134.48,-54.2,144.99,Inner,True,False,,auto,R13,Unknown
14504,240.35,826.0,471.0,-144.36,-52.01,153.44,Inner,True,False,,auto,R13,Unknown
14514,240.52,812.0,472.0,-159.73,-53.1,168.33,Inner,True,False,,auto,R13,Unknown
14524,240.68,798.0,471.0,-175.1,-52.01,182.66,Inner,True,False,,auto,R13,Unknown
14534,240.85,790.0,472.0,-183.88,-53.1,191.39,Inner,True,False,,auto,R13,Unknown
14544,241.02,775.0,475.0,-200.34,-56.4,208.13,Inner,True,False,,auto,R13,Unknown
14554,241.18,763.0,474.0,-213.52,-55.3,220.56,Outer,True,False,Inner -> Outer,auto,R13,Unknown
14564,241.35,752.0,473.0,-225.59,-54.2,232.01,Outer,True,False,,auto,R13,Unknown
14574,241.52,742.0,477.0,-236.57,-58.59,243.72,Outer,True,False,,auto,R13,Unknown
14584,241.68,733.0,484.0,-246.45,-66.28,255.2,Outer,True,False,,auto,R13,Unknown
14594,241.85,722.0,491.0,-258.52,-73.96,268.89,Outer,True,False,,auto,R13,Unknown
14604,242.02,715.0,497.0,-266.21,-80.55,278.12,Outer,True,False,,auto,R13,Unknown
14614,242.18,706.0,505.0,-276.09,-89.33,290.18,Outer,True,False,,auto,R13,Unknown
14624,242.35,696.0,512.0,-287.06,-97.01,303.01,Outer,True,False,,auto,R13,Unknown
14634,242.52,700.0,524.0,-282.67,-110.18,303.39,Outer,True,False,,auto,R13,Unknown
14644,242.68,694.0,531.0,-289.26,-117.87,312.35,Outer,True,False,,auto,R13,Unknown
14654,242.85,693.0,541.0,-290.36,-128.84,317.66,Outer,True,False,,auto,R13,Unknown
14664,243.02,694.0,551.0,-289.26,-139.82,321.28,Outer,True,False,,auto,R13,Unknown
14674,243.18,693.0,564.0,-290.36,-154.09,328.71,Outer,True,False,,auto,R13,Unknown
14684,243.35,692.0,574.0,-291.45,-165.07,334.95,Outer,True,False,,auto,R13,Unknown
14694,243.52,694.0,583.0,-289.26,-174.95,338.05,Outer,True,False,,auto,R13,Unknown
14704,243.68,687.0,598.0,-296.94,-191.41,353.29,Outer,True,False,,auto,R13,Unknown
14714,243.85,699.0,603.0,-283.77,-196.9,345.39,Outer,True,False,,auto,R13,Unknown
14724,244.02,702.0,612.0,-280.48,-206.78,348.46,Outer,True,False,,auto,R13,Unknown
14734,244.18,707.0,624.0,-274.99,-219.95,352.13,Outer,True,False,,auto,R13,Unknown
14744,244.35,707.0,628.0,-274.99,-224.34,354.89,Outer,True,False,,auto,R13,Unknown
14754,244.52,715.0,642.0,-266.21,-239.71,358.23,Outer,True,False,,auto,R13,Unknown
14764,244.68,719.0,650.0,-261.82,-248.49,360.96,Outer,True,False,,auto,R13,Unknown
14774,244.85,734.0,663.0,-245.35,-262.76,359.5,Outer,True,False,,auto,R13,Unknown
14784,245.02,730.0,666.0,-249.74,-266.06,364.91,Outer,True,False,,auto,R13,Unknown
14794,245.18,737.0,672.0,-242.06,-272.64,364.59,Outer,True,False,,auto,R13,Unknown
14804,245.35,749.0,685.0,-228.88,-286.91,367.02,Outer,True,False,,auto,R13,Unknown
14814,245.52,755.0,688.0,-222.3,-290.2,365.56,Outer,True,False,,auto,R13,Unknown
14824,245.68,758.0,691.0,-219.01,-293.5,366.2,Outer,True,False,,auto,R13,Unknown
14834,245.85,762.0,700.0,-214.61,-303.38,371.61,Outer,True,False,,auto,R13,Unknown
14844,246.02,774.0,706.0,-201.44,-309.96,369.67,Outer,True,False,,auto,R13,Unknown
14854,246.18,785.0,713.0,-189.37,-317.65,369.81,Outer,True,False,,auto,R13,Unknown
14864,246.35,792.0,711.0,-181.68,-315.45,364.03,Outer,True,False,,auto,R13,Unknown
14874,246.52,803.0,725.0,-169.61,-330.82,371.76,Outer,True,False,,auto,R13,Unknown
14884,246.68,810.0,733.0,-161.92,-339.6,376.23,Outer,True,False,,auto,R13,Unknown
14894,246.85,815.0,740.0,-156.44,-347.28,380.89,Outer,True,False,,auto,R13,Unknown
14904,247.02,823.0,742.0,-147.65,-349.48,379.39,Outer,True,False,,auto,R13,Unknown
14914,247.18,833.0,744.0,-136.68,-351.68,377.3,Outer,True,False,,auto,R13,Unknown
14924,247.35,848.0,748.0,-120.21,-356.07,375.81,Outer,True,False,,auto,R13,Unknown
14934,247.52,852.0,751.0,-115.82,-359.36,377.56,Outer,True,False,,auto,R13,Unknown
14944,247.68,861.0,753.0,-105.94,-361.55,376.76,Outer,True,False,,auto,R13,Unknown
14954,247.85,876.0,756.0,-89.48,-364.85,375.66,Outer,True,False,,auto,R13,Unknown
14964,248.02,884.0,757.0,-80.7,-365.95,374.74,Outer,True,False,,auto,R13,Unknown
14974,248.18,894.0,764.0,-69.72,-373.63,380.08,Outer,True,False,,auto,R13,Unknown
14984,248.35,898.0,771.0,-65.33,-381.31,386.87,Outer,True,False,,auto,R13,Unknown
14994,248.52,909.0,780.0,-53.25,-391.19,394.8,Outer,True,False,,auto,R13,Unknown
15004,248.68,915.0,788.0,-46.67,-399.97,402.69,Outer,True,False,,auto,R13,Unknown
15014,248.85,924.0,797.0,-36.79,-409.85,411.5,Outer,True,False,,auto,R13,Unknown
15024,249.02,926.0,799.0,-34.59,-412.05,413.5,Outer,True,False,,auto,R13,Unknown
15034,249.18,937.0,804.0,-22.52,-417.54,418.14,Outer,True,False,,auto,R13,Unknown
15044,249.35,948.0,811.0,-10.44,-425.22,425.35,Exited,False,False,Outer -> Exited,auto,R13,Unknown
15054,249.52,953.0,818.0,-4.95,-432.91,432.93,Exited,False,False,,auto,R13,Unknown
15064,249.68,963.0,822.0,6.02,-437.3,437.34,Exited,False,False,,auto,R13,Unknown
15074,249.85,967.0,824.0,10.41,-439.49,439.61,Exited,False,False,,auto,R13,Unknown
15084,250.02,978.0,830.0,22.49,-446.08,446.64,Exited,False,False,,auto,R13,Unknown
15094,250.18,987.0,831.0,32.37,-447.18,448.34,Exited,False,False,,auto,R13,Unknown
15104,250.35,1000.0,832.0,46.64,-448.27,450.69,Exited,False,False,,auto,R13,Unknown
15114,250.52,1010.0,834.0,57.61,-450.47,454.14,Exited,False,False,,auto,R13,Unknown
15124,250.68,1021.0,835.0,69.69,-451.57,456.91,Exited,False,False,,auto,R13,Unknown
15134,250.85,1025.0,847.0,74.08,-464.74,470.61,Exited,False,False,,auto,R13,Unknown
15144,251.02,1032.0,849.0,81.76,-466.93,474.04,Exited,False,False,,auto,R13,Unknown
15154,251.18,1041.0,853.0,91.64,-471.32,480.15,Exited,False,False,,auto,R13,Unknown
15164,251.35,1050.0,856.0,101.52,-474.62,485.35,Exited,False,False,,auto,R13,Unknown
15174,251.52,1059.0,859.0,111.4,-477.91,490.72,Exited,False,False,,auto,R13,Unknown
15184,251.68,1072.0,861.0,125.67,-480.11,496.28,Exited,False,False,,auto,R13,Unknown
15194,251.85,1078.0,862.0,132.26,-481.2,499.05,Exited,False,False,,auto,R13,Unknown
15204,252.02,1090.0,862.0,145.43,-481.2,502.7,Exited,False,False,,auto,R13,Unknown
15214,252.18,1098.0,862.0,154.21,-481.2,505.31,Exited,False,False,,auto,R13,Unknown
15224,252.35,1110.0,860.0,167.38,-479.01,507.41,Exited,False,False,,auto,R13,Unknown
15234,252.52,1119.0,860.0,177.26,-479.01,510.76,Exited,False,False,,auto,R13,Unknown
15244,252.68,1129.0,860.0,188.24,-479.01,514.67,Exited,False,False,,auto,R13,Unknown
15254,252.85,1138.0,860.0,198.12,-479.01,518.36,Exited,False,False,,auto,R13,Unknown
15264,253.02,1149.0,861.0,210.19,-480.11,524.1,Exited,False,False,,auto,R13,Unknown
15274,253.18,1159.0,858.0,221.17,-476.81,525.61,Exited,False,False,,auto,R13,Unknown
15284,253.35,1167.0,855.0,229.95,-473.52,526.4,Exited,False,False,,auto,R13,Unknown
15294,253.52,1180.0,851.0,244.22,-469.13,528.89,Exited,False,False,,auto,R13,Unknown
15304,253.68,1188.0,850.0,253.0,-468.03,532.04,Exited,False,False,,auto,R13,Unknown
15314,253.85,1199.0,848.0,265.08,-465.84,535.98,Exited,False,False,,auto,R13,Unknown
15324,254.02,1205.0,846.0,271.66,-463.64,537.37,Exited,False,False,,auto,R13,Unknown
15334,254.18,1216.0,845.0,283.74,-462.54,542.64,Exited,False,False,,auto,R13,Unknown
15344,254.35,1224.0,842.0,292.52,-459.25,544.5,Exited,False,False,,auto,R13,Unknown
15354,254.52,1234.0,838.0,303.5,-454.86,546.82,Exited,False,False,,auto,R13,Unknown
15364,254.68,1242.0,833.0,312.28,-449.37,547.22,Exited,False,False,,auto,R13,Unknown
15374,254.85,1251.0,831.0,322.16,-447.18,551.14,Exited,False,False,,auto,R13,Unknown
15384,255.02,1263.0,830.0,335.33,-446.08,558.06,Exited,False,False,,auto,R13,Unknown
15394,255.18,1271.0,828.0,344.11,-443.88,561.64,Exited,False,False,,auto,R13,Unknown
15404,255.35,1279.0,826.0,352.89,-441.69,565.35,Exited,False,False,,auto,R13,Unknown
15414,255.52,1289.0,822.0,363.87,-437.3,568.88,Exited,False,False,,auto,R13,Unknown
15424,255.68,1298.0,817.0,373.75,-431.81,571.09,Exited,False,False,,auto,R13,Unknown
15434,255.85,1306.0,812.0,382.53,-426.32,572.78,Exited,False,False,,auto,R13,Unknown
15444,256.02,1311.0,808.0,388.02,-421.93,573.22,Exited,False,False,,auto,R13,Unknown
15454,256.18,1320.0,800.0,397.9,-413.15,573.6,Exited,False,False,,auto,R13,Unknown
15464,256.35,1326.0,798.0,404.48,-410.95,576.62,Exited,False,False,,auto,R13,Unknown
15474,256.52,1333.0,789.0,412.17,-401.07,575.1,Exited,False,False,,auto,R13,Unknown
15484,256.68,1339.0,779.0,418.75,-390.09,572.3,Exited,False,False,,auto,R13,Unknown
15494,256.85,1343.0,771.0,423.15,-381.31,569.61,Exited,False,False,,auto,R13,Unknown
15504,257.02,1349.0,764.0,429.73,-373.63,569.45,Exited,False,False,,auto,R13,Unknown
15514,257.18,1353.0,756.0,434.12,-364.85,567.08,Exited,False,False,,auto,R13,Unknown
15524,257.35,1357.0,746.0,438.51,-353.87,563.49,Exited,False,False,,auto,R13,Unknown
15534,257.52,1358.0,739.0,439.61,-346.19,559.56,Exited,False,False,,auto,R13,Unknown
15544,257.68,1362.0,730.0,444.0,-336.31,556.99,Exited,False,False,,auto,R13,Unknown
15554,257.85,1367.0,722.0,449.49,-327.53,556.16,Exited,False,False,,auto,R13,Unknown
15564,258.02,1370.0,712.0,452.78,-316.55,552.46,Exited,False,False,,auto,R13,Unknown
15574,258.18,1376.0,705.0,459.37,-308.87,553.55,Exited,False,False,,auto,R13,Unknown
15584,258.35,1382.0,698.0,465.96,-301.18,554.82,Exited,False,False,,auto,R13,Unknown
15594,258.52,1386.0,689.0,470.35,-291.3,553.25,Exited,False,False,,auto,R13,Unknown
15604,258.68,1388.0,679.0,472.54,-280.33,549.43,Exited,False,False,,auto,R13,Unknown
15614,258.85,1390.0,670.0,474.74,-270.45,546.37,Exited,False,False,,auto,R13,Unknown
15624,259.02,1395.0,663.0,480.23,-262.76,547.41,Exited,False,False,,auto,R13,Unknown
15634,259.18,1397.0,648.0,482.42,-246.3,541.66,Exited,False,False,,auto,R13,Unknown
15644,259.35,1397.0,647.0,482.42,-245.2,541.16,Exited,False,False,,auto,R13,Unknown
15654,259.52,1397.0,648.0,482.42,-246.3,541.66,Exited,False,False,,auto,R13,Unknown
15664,259.68,1399.0,649.0,484.62,-247.39,544.11,Exited,False,False,,auto,R13,Unknown
15674,259.85,1402.0,648.0,487.91,-246.3,546.55,Exited,False,False,,auto,R13,Unknown
15684,260.02,1380.0,652.0,463.76,-250.69,527.18,Exited,False,False,,auto,R13,Unknown
15694,260.18,1374.0,673.0,457.17,-273.74,532.86,Exited,False,False,,auto,R13,Unknown
15704,260.35,1381.0,651.0,464.86,-249.59,527.63,Exited,False,False,,auto,R13,Unknown
15714,260.52,1379.0,653.0,462.66,-251.79,526.74,Exited,False,False,,auto,R13,Unknown
15724,260.68,1373.0,675.0,456.08,-275.93,533.05,Exited,False,False,,auto,R13,Unknown
15734,260.85,1376.0,667.0,459.37,-267.15,531.4,Exited,False,False,,auto,R13,Unknown
15744,261.02,1373.0,670.0,456.08,-270.45,530.23,Exited,False,False,,auto,R13,Unknown
15754,261.18,1377.0,663.0,460.47,-262.76,530.16,Exited,False,False,,auto,R13,Unknown
15764,261.35,1382.0,649.0,465.96,-247.39,527.56,Exited,False,False,,auto,R13,Unknown
15774,261.52,1377.0,656.0,460.47,-255.08,526.4,Exited,False,False,,auto,R13,Unknown
15784,261.68,1374.0,665.0,457.17,-264.96,528.4,Exited,False,False,,auto,R13,Unknown
15794,261.85,1371.0,673.0,453.88,-273.74,530.04,Exited,False,False,,auto,R13,Unknown
15804,262.02,1372.0,675.0,454.98,-275.93,532.11,Exited,False,False,,auto,R13,Unknown
15814,262.18,1373.0,673.0,456.08,-273.74,531.92,Exited,False,False,,auto,R13,Unknown
15824,262.35,1368.0,679.0,450.59,-280.33,530.67,Exited,False,False,,auto,R13,Unknown
15834,262.52,1378.0,656.0,461.56,-255.08,527.36,Exited,False,False,,auto,R13,Unknown
15844,262.68,1379.0,658.0,462.66,-257.27,529.38,Exited,False,False,,auto,R13,Unknown
15854,262.85,1376.0,661.0,459.37,-260.57,528.12,Exited,False,False,,auto,R13,Unknown
15864,263.02,1375.0,658.0,458.27,-257.27,525.55,Exited,False,False,,auto,R13,Unknown
15874,263.18,1371.0,671.0,453.88,-271.54,528.91,Exited,False,False,,auto,R13,Unknown
15884,263.35,1379.0,655.0,462.66,-253.98,527.79,Exited,False,False,,auto,R13,Unknown
15894,263.52,1374.0,671.0,457.17,-271.54,531.74,Exited,False,False,,auto,R13,Unknown
15904,263.68,1377.0,662.0,460.47,-261.66,529.62,Exited,False,False,,auto,R13,Unknown
15914,263.85,1375.0,669.0,458.27,-269.35,531.57,Exited,False,False,,auto,R13,Unknown
15924,264.02,1380.27,669.87,464.05,-270.3,537.04,Exited,False,False,,analysis_end,R13,Unknown
